district,type,status,min_lot_sqft,section,quote,verified_by,verified_at,notes
AP,adu,unknown,,911.02 Use Table,,,,reviewer: paste use-table cell text. Draft assumption. 2025 ADU legislation status must be verified before any status other than unknown is entered.
AP,duplex_triplex,unknown,,911.02 Use Table,,,,reviewer: paste use-table cell text. Draft assumption from the Two-Unit Residential row; three-unit needs a separate check.
AP,townhome,unknown,,911.02 Use Table,,,,reviewer: paste use-table cell text. Draft assumption from the Single-Unit Attached Residential row.
AP,small_apartment,unknown,,911.02 Use Table,,,,reviewer: paste use-table cell text. Draft assumption using Multi-Unit Residential as the proxy use.
AP,large_apartment,unknown,,911.02 Use Table,,,,reviewer: paste use-table cell text. Draft assumption using Multi-Unit Residential as the proxy use.
AP,senior_accessible,unknown,,911.02 Use Table,,,,reviewer: paste use-table cell text. Draft assumption using Multi-Unit Residential as the proxy use.
AP,rehab_reuse,unknown,,911.02 Use Table,,,,reviewer: paste use-table cell text. Draft assumption: by_right wherever detached_sf or duplex_triplex is by_right in this draft; rehab of an existing lawful use is treated as continuing that use.
AP,detached_sf,unknown,,911.02 Use Table,,,,reviewer: paste use-table cell text. Draft assumption from the Single-Unit Detached Residential row.
CP,adu,unknown,,911.02 Use Table,,,,reviewer: paste use-table cell text. Draft assumption. 2025 ADU legislation status must be verified before any status other than unknown is entered.
CP,duplex_triplex,unknown,,911.02 Use Table,,,,reviewer: paste use-table cell text. Draft assumption from the Two-Unit Residential row; three-unit needs a separate check.
CP,townhome,unknown,,911.02 Use Table,,,,reviewer: paste use-table cell text. Draft assumption from the Single-Unit Attached Residential row.
CP,small_apartment,unknown,,911.02 Use Table,,,,reviewer: paste use-table cell text. Draft assumption using Multi-Unit Residential as the proxy use.
CP,large_apartment,unknown,,911.02 Use Table,,,,reviewer: paste use-table cell text. Draft assumption using Multi-Unit Residential as the proxy use.
CP,senior_accessible,unknown,,911.02 Use Table,,,,reviewer: paste use-table cell text. Draft assumption using Multi-Unit Residential as the proxy use.
CP,rehab_reuse,unknown,,911.02 Use Table,,,,reviewer: paste use-table cell text. Draft assumption: by_right wherever detached_sf or duplex_triplex is by_right in this draft; rehab of an existing lawful use is treated as continuing that use.
CP,detached_sf,unknown,,911.02 Use Table,,,,reviewer: paste use-table cell text. Draft assumption from the Single-Unit Detached Residential row.
EMI,adu,unknown,,911.02 Use Table,,,,reviewer: paste use-table cell text. Educational/Medical Institution: institutional master plan controls; unknown. Draft assumption. 2025 ADU legislation status must be verified before any status other than unknown is entered.
EMI,duplex_triplex,unknown,,911.02 Use Table,,,,reviewer: paste use-table cell text. Educational/Medical Institution: institutional master plan controls; unknown. Draft assumption from the Two-Unit Residential row; three-unit needs a separate check.
EMI,townhome,unknown,,911.02 Use Table,,,,reviewer: paste use-table cell text. Educational/Medical Institution: institutional master plan controls; unknown. Draft assumption from the Single-Unit Attached Residential row.
EMI,small_apartment,unknown,,911.02 Use Table,,,,reviewer: paste use-table cell text. Educational/Medical Institution: institutional master plan controls; unknown. Draft assumption using Multi-Unit Residential as the proxy use.
EMI,large_apartment,unknown,,911.02 Use Table,,,,reviewer: paste use-table cell text. Educational/Medical Institution: institutional master plan controls; unknown. Draft assumption using Multi-Unit Residential as the proxy use.
EMI,senior_accessible,unknown,,911.02 Use Table,,,,reviewer: paste use-table cell text. Educational/Medical Institution: institutional master plan controls; unknown. Draft assumption using Multi-Unit Residential as the proxy use.
EMI,rehab_reuse,unknown,,911.02 Use Table,,,,reviewer: paste use-table cell text. Educational/Medical Institution: institutional master plan controls; unknown. Draft assumption: by_right wherever detached_sf or duplex_triplex is by_right in this draft; rehab of an existing lawful use is treated as continuing that use.
EMI,detached_sf,unknown,,911.02 Use Table,,,,reviewer: paste use-table cell text. Educational/Medical Institution: institutional master plan controls; unknown. Draft assumption from the Single-Unit Detached Residential row.
GI,adu,unknown,,911.02 Use Table,,,,reviewer: paste use-table cell text. Draft assumption. 2025 ADU legislation status must be verified before any status other than unknown is entered.
GI,duplex_triplex,not_permitted,,911.02 Use Table,,,,reviewer: paste use-table cell text. Draft assumption from the Two-Unit Residential row; three-unit needs a separate check.
GI,townhome,not_permitted,,911.02 Use Table,,,,reviewer: paste use-table cell text. Draft assumption from the Single-Unit Attached Residential row.
GI,small_apartment,not_permitted,,911.02 Use Table,,,,reviewer: paste use-table cell text. Draft assumption using Multi-Unit Residential as the proxy use.
GI,large_apartment,not_permitted,,911.02 Use Table,,,,reviewer: paste use-table cell text. Draft assumption using Multi-Unit Residential as the proxy use.
GI,senior_accessible,not_permitted,,911.02 Use Table,,,,reviewer: paste use-table cell text. Draft assumption using Multi-Unit Residential as the proxy use.
GI,rehab_reuse,unknown,,911.02 Use Table,,,,reviewer: paste use-table cell text. Draft assumption: by_right wherever detached_sf or duplex_triplex is by_right in this draft; rehab of an existing lawful use is treated as continuing that use.
GI,detached_sf,not_permitted,,911.02 Use Table,,,,reviewer: paste use-table cell text. Draft assumption from the Single-Unit Detached Residential row.
GPRA,adu,unknown,,911.02 Use Table,,,,reviewer: paste use-table cell text. Draft assumption. 2025 ADU legislation status must be verified before any status other than unknown is entered.
GPRA,duplex_triplex,unknown,,911.02 Use Table,,,,reviewer: paste use-table cell text. Draft assumption from the Two-Unit Residential row; three-unit needs a separate check.
GPRA,townhome,unknown,,911.02 Use Table,,,,reviewer: paste use-table cell text. Draft assumption from the Single-Unit Attached Residential row.
GPRA,small_apartment,unknown,,911.02 Use Table,,,,reviewer: paste use-table cell text. Draft assumption using Multi-Unit Residential as the proxy use.
GPRA,large_apartment,unknown,,911.02 Use Table,,,,reviewer: paste use-table cell text. Draft assumption using Multi-Unit Residential as the proxy use.
GPRA,senior_accessible,unknown,,911.02 Use Table,,,,reviewer: paste use-table cell text. Draft assumption using Multi-Unit Residential as the proxy use.
GPRA,rehab_reuse,unknown,,911.02 Use Table,,,,reviewer: paste use-table cell text. Draft assumption: by_right wherever detached_sf or duplex_triplex is by_right in this draft; rehab of an existing lawful use is treated as continuing that use.
GPRA,detached_sf,unknown,,911.02 Use Table,,,,reviewer: paste use-table cell text. Draft assumption from the Single-Unit Detached Residential row.
GPRB,adu,unknown,,911.02 Use Table,,,,reviewer: paste use-table cell text. Draft assumption. 2025 ADU legislation status must be verified before any status other than unknown is entered.
GPRB,duplex_triplex,unknown,,911.02 Use Table,,,,reviewer: paste use-table cell text. Draft assumption from the Two-Unit Residential row; three-unit needs a separate check.
GPRB,townhome,unknown,,911.02 Use Table,,,,reviewer: paste use-table cell text. Draft assumption from the Single-Unit Attached Residential row.
GPRB,small_apartment,unknown,,911.02 Use Table,,,,reviewer: paste use-table cell text. Draft assumption using Multi-Unit Residential as the proxy use.
GPRB,large_apartment,unknown,,911.02 Use Table,,,,reviewer: paste use-table cell text. Draft assumption using Multi-Unit Residential as the proxy use.
GPRB,senior_accessible,unknown,,911.02 Use Table,,,,reviewer: paste use-table cell text. Draft assumption using Multi-Unit Residential as the proxy use.
GPRB,rehab_reuse,unknown,,911.02 Use Table,,,,reviewer: paste use-table cell text. Draft assumption: by_right wherever detached_sf or duplex_triplex is by_right in this draft; rehab of an existing lawful use is treated as continuing that use.
GPRB,detached_sf,unknown,,911.02 Use Table,,,,reviewer: paste use-table cell text. Draft assumption from the Single-Unit Detached Residential row.
GPRC,adu,unknown,,911.02 Use Table,,,,reviewer: paste use-table cell text. Draft assumption. 2025 ADU legislation status must be verified before any status other than unknown is entered.
GPRC,duplex_triplex,unknown,,911.02 Use Table,,,,reviewer: paste use-table cell text. Draft assumption from the Two-Unit Residential row; three-unit needs a separate check.
GPRC,townhome,unknown,,911.02 Use Table,,,,reviewer: paste use-table cell text. Draft assumption from the Single-Unit Attached Residential row.
GPRC,small_apartment,unknown,,911.02 Use Table,,,,reviewer: paste use-table cell text. Draft assumption using Multi-Unit Residential as the proxy use.
GPRC,large_apartment,unknown,,911.02 Use Table,,,,reviewer: paste use-table cell text. Draft assumption using Multi-Unit Residential as the proxy use.
GPRC,senior_accessible,unknown,,911.02 Use Table,,,,reviewer: paste use-table cell text. Draft assumption using Multi-Unit Residential as the proxy use.
GPRC,rehab_reuse,unknown,,911.02 Use Table,,,,reviewer: paste use-table cell text. Draft assumption: by_right wherever detached_sf or duplex_triplex is by_right in this draft; rehab of an existing lawful use is treated as continuing that use.
GPRC,detached_sf,unknown,,911.02 Use Table,,,,reviewer: paste use-table cell text. Draft assumption from the Single-Unit Detached Residential row.
GT,adu,unknown,,911.02 Use Table,,,,reviewer: paste use-table cell text. Golden Triangle: treated as a downtown mixed-use family; residential by right assumed for multi-unit only. Draft assumption. 2025 ADU legislation status must be verified before any status other than unknown is entered.
GT,duplex_triplex,not_permitted,,911.02 Use Table,,,,reviewer: paste use-table cell text. Golden Triangle: treated as a downtown mixed-use family; residential by right assumed for multi-unit only. Draft assumption from the Two-Unit Residential row; three-unit needs a separate check.
GT,townhome,not_permitted,,911.02 Use Table,,,,reviewer: paste use-table cell text. Golden Triangle: treated as a downtown mixed-use family; residential by right assumed for multi-unit only. Draft assumption from the Single-Unit Attached Residential row.
GT,small_apartment,by_right,,911.02 Use Table,,,,reviewer: paste use-table cell text. Golden Triangle: treated as a downtown mixed-use family; residential by right assumed for multi-unit only. Draft assumption using Multi-Unit Residential as the proxy use.
GT,large_apartment,by_right,,911.02 Use Table,,,,reviewer: paste use-table cell text. Golden Triangle: treated as a downtown mixed-use family; residential by right assumed for multi-unit only. Draft assumption using Multi-Unit Residential as the proxy use.
GT,senior_accessible,by_right,,911.02 Use Table,,,,reviewer: paste use-table cell text. Golden Triangle: treated as a downtown mixed-use family; residential by right assumed for multi-unit only. Draft assumption using Multi-Unit Residential as the proxy use.
GT,rehab_reuse,unknown,,911.02 Use Table,,,,reviewer: paste use-table cell text. Golden Triangle: treated as a downtown mixed-use family; residential by right assumed for multi-unit only. Draft assumption: by_right wherever detached_sf or duplex_triplex is by_right in this draft; rehab of an existing lawful use is treated as continuing that use.
GT,detached_sf,not_permitted,,911.02 Use Table,,,,reviewer: paste use-table cell text. Golden Triangle: treated as a downtown mixed-use family; residential by right assumed for multi-unit only. Draft assumption from the Single-Unit Detached Residential row.
GT-A,adu,unknown,,911.02 Use Table,,,,reviewer: paste use-table cell text. Golden Triangle: treated as a downtown mixed-use family; residential by right assumed for multi-unit only. Draft assumption. 2025 ADU legislation status must be verified before any status other than unknown is entered. Specific sub-district; inherits the GT family draft.
GT-A,duplex_triplex,not_permitted,,911.02 Use Table,,,,reviewer: paste use-table cell text. Golden Triangle: treated as a downtown mixed-use family; residential by right assumed for multi-unit only. Draft assumption from the Two-Unit Residential row; three-unit needs a separate check. Specific sub-district; inherits the GT family draft.
GT-A,townhome,not_permitted,,911.02 Use Table,,,,reviewer: paste use-table cell text. Golden Triangle: treated as a downtown mixed-use family; residential by right assumed for multi-unit only. Draft assumption from the Single-Unit Attached Residential row. Specific sub-district; inherits the GT family draft.
GT-A,small_apartment,by_right,,911.02 Use Table,,,,reviewer: paste use-table cell text. Golden Triangle: treated as a downtown mixed-use family; residential by right assumed for multi-unit only. Draft assumption using Multi-Unit Residential as the proxy use. Specific sub-district; inherits the GT family draft.
GT-A,large_apartment,by_right,,911.02 Use Table,,,,reviewer: paste use-table cell text. Golden Triangle: treated as a downtown mixed-use family; residential by right assumed for multi-unit only. Draft assumption using Multi-Unit Residential as the proxy use. Specific sub-district; inherits the GT family draft.
GT-A,senior_accessible,by_right,,911.02 Use Table,,,,reviewer: paste use-table cell text. Golden Triangle: treated as a downtown mixed-use family; residential by right assumed for multi-unit only. Draft assumption using Multi-Unit Residential as the proxy use. Specific sub-district; inherits the GT family draft.
GT-A,rehab_reuse,unknown,,911.02 Use Table,,,,reviewer: paste use-table cell text. Golden Triangle: treated as a downtown mixed-use family; residential by right assumed for multi-unit only. Draft assumption: by_right wherever detached_sf or duplex_triplex is by_right in this draft; rehab of an existing lawful use is treated as continuing that use. Specific sub-district; inherits the GT family draft.
GT-A,detached_sf,not_permitted,,911.02 Use Table,,,,reviewer: paste use-table cell text. Golden Triangle: treated as a downtown mixed-use family; residential by right assumed for multi-unit only. Draft assumption from the Single-Unit Detached Residential row. Specific sub-district; inherits the GT family draft.
GT-B,adu,unknown,,911.02 Use Table,,,,reviewer: paste use-table cell text. Golden Triangle: treated as a downtown mixed-use family; residential by right assumed for multi-unit only. Draft assumption. 2025 ADU legislation status must be verified before any status other than unknown is entered. Specific sub-district; inherits the GT family draft.
GT-B,duplex_triplex,not_permitted,,911.02 Use Table,,,,reviewer: paste use-table cell text. Golden Triangle: treated as a downtown mixed-use family; residential by right assumed for multi-unit only. Draft assumption from the Two-Unit Residential row; three-unit needs a separate check. Specific sub-district; inherits the GT family draft.
GT-B,townhome,not_permitted,,911.02 Use Table,,,,reviewer: paste use-table cell text. Golden Triangle: treated as a downtown mixed-use family; residential by right assumed for multi-unit only. Draft assumption from the Single-Unit Attached Residential row. Specific sub-district; inherits the GT family draft.
GT-B,small_apartment,by_right,,911.02 Use Table,,,,reviewer: paste use-table cell text. Golden Triangle: treated as a downtown mixed-use family; residential by right assumed for multi-unit only. Draft assumption using Multi-Unit Residential as the proxy use. Specific sub-district; inherits the GT family draft.
GT-B,large_apartment,by_right,,911.02 Use Table,,,,reviewer: paste use-table cell text. Golden Triangle: treated as a downtown mixed-use family; residential by right assumed for multi-unit only. Draft assumption using Multi-Unit Residential as the proxy use. Specific sub-district; inherits the GT family draft.
GT-B,senior_accessible,by_right,,911.02 Use Table,,,,reviewer: paste use-table cell text. Golden Triangle: treated as a downtown mixed-use family; residential by right assumed for multi-unit only. Draft assumption using Multi-Unit Residential as the proxy use. Specific sub-district; inherits the GT family draft.
GT-B,rehab_reuse,unknown,,911.02 Use Table,,,,reviewer: paste use-table cell text. Golden Triangle: treated as a downtown mixed-use family; residential by right assumed for multi-unit only. Draft assumption: by_right wherever detached_sf or duplex_triplex is by_right in this draft; rehab of an existing lawful use is treated as continuing that use. Specific sub-district; inherits the GT family draft.
GT-B,detached_sf,not_permitted,,911.02 Use Table,,,,reviewer: paste use-table cell text. Golden Triangle: treated as a downtown mixed-use family; residential by right assumed for multi-unit only. Draft assumption from the Single-Unit Detached Residential row. Specific sub-district; inherits the GT family draft.
GT-C,adu,unknown,,911.02 Use Table,,,,reviewer: paste use-table cell text. Golden Triangle: treated as a downtown mixed-use family; residential by right assumed for multi-unit only. Draft assumption. 2025 ADU legislation status must be verified before any status other than unknown is entered. Specific sub-district; inherits the GT family draft.
GT-C,duplex_triplex,not_permitted,,911.02 Use Table,,,,reviewer: paste use-table cell text. Golden Triangle: treated as a downtown mixed-use family; residential by right assumed for multi-unit only. Draft assumption from the Two-Unit Residential row; three-unit needs a separate check. Specific sub-district; inherits the GT family draft.
GT-C,townhome,not_permitted,,911.02 Use Table,,,,reviewer: paste use-table cell text. Golden Triangle: treated as a downtown mixed-use family; residential by right assumed for multi-unit only. Draft assumption from the Single-Unit Attached Residential row. Specific sub-district; inherits the GT family draft.
GT-C,small_apartment,by_right,,911.02 Use Table,,,,reviewer: paste use-table cell text. Golden Triangle: treated as a downtown mixed-use family; residential by right assumed for multi-unit only. Draft assumption using Multi-Unit Residential as the proxy use. Specific sub-district; inherits the GT family draft.
GT-C,large_apartment,by_right,,911.02 Use Table,,,,reviewer: paste use-table cell text. Golden Triangle: treated as a downtown mixed-use family; residential by right assumed for multi-unit only. Draft assumption using Multi-Unit Residential as the proxy use. Specific sub-district; inherits the GT family draft.
GT-C,senior_accessible,by_right,,911.02 Use Table,,,,reviewer: paste use-table cell text. Golden Triangle: treated as a downtown mixed-use family; residential by right assumed for multi-unit only. Draft assumption using Multi-Unit Residential as the proxy use. Specific sub-district; inherits the GT family draft.
GT-C,rehab_reuse,unknown,,911.02 Use Table,,,,reviewer: paste use-table cell text. Golden Triangle: treated as a downtown mixed-use family; residential by right assumed for multi-unit only. Draft assumption: by_right wherever detached_sf or duplex_triplex is by_right in this draft; rehab of an existing lawful use is treated as continuing that use. Specific sub-district; inherits the GT family draft.
GT-C,detached_sf,not_permitted,,911.02 Use Table,,,,reviewer: paste use-table cell text. Golden Triangle: treated as a downtown mixed-use family; residential by right assumed for multi-unit only. Draft assumption from the Single-Unit Detached Residential row. Specific sub-district; inherits the GT family draft.
GT-D,adu,unknown,,911.02 Use Table,,,,reviewer: paste use-table cell text. Golden Triangle: treated as a downtown mixed-use family; residential by right assumed for multi-unit only. Draft assumption. 2025 ADU legislation status must be verified before any status other than unknown is entered. Specific sub-district; inherits the GT family draft.
GT-D,duplex_triplex,not_permitted,,911.02 Use Table,,,,reviewer: paste use-table cell text. Golden Triangle: treated as a downtown mixed-use family; residential by right assumed for multi-unit only. Draft assumption from the Two-Unit Residential row; three-unit needs a separate check. Specific sub-district; inherits the GT family draft.
GT-D,townhome,not_permitted,,911.02 Use Table,,,,reviewer: paste use-table cell text. Golden Triangle: treated as a downtown mixed-use family; residential by right assumed for multi-unit only. Draft assumption from the Single-Unit Attached Residential row. Specific sub-district; inherits the GT family draft.
GT-D,small_apartment,by_right,,911.02 Use Table,,,,reviewer: paste use-table cell text. Golden Triangle: treated as a downtown mixed-use family; residential by right assumed for multi-unit only. Draft assumption using Multi-Unit Residential as the proxy use. Specific sub-district; inherits the GT family draft.
GT-D,large_apartment,by_right,,911.02 Use Table,,,,reviewer: paste use-table cell text. Golden Triangle: treated as a downtown mixed-use family; residential by right assumed for multi-unit only. Draft assumption using Multi-Unit Residential as the proxy use. Specific sub-district; inherits the GT family draft.
GT-D,senior_accessible,by_right,,911.02 Use Table,,,,reviewer: paste use-table cell text. Golden Triangle: treated as a downtown mixed-use family; residential by right assumed for multi-unit only. Draft assumption using Multi-Unit Residential as the proxy use. Specific sub-district; inherits the GT family draft.
GT-D,rehab_reuse,unknown,,911.02 Use Table,,,,reviewer: paste use-table cell text. Golden Triangle: treated as a downtown mixed-use family; residential by right assumed for multi-unit only. Draft assumption: by_right wherever detached_sf or duplex_triplex is by_right in this draft; rehab of an existing lawful use is treated as continuing that use. Specific sub-district; inherits the GT family draft.
GT-D,detached_sf,not_permitted,,911.02 Use Table,,,,reviewer: paste use-table cell text. Golden Triangle: treated as a downtown mixed-use family; residential by right assumed for multi-unit only. Draft assumption from the Single-Unit Detached Residential row. Specific sub-district; inherits the GT family draft.
GT-E,adu,unknown,,911.02 Use Table,,,,reviewer: paste use-table cell text. Golden Triangle: treated as a downtown mixed-use family; residential by right assumed for multi-unit only. Draft assumption. 2025 ADU legislation status must be verified before any status other than unknown is entered. Specific sub-district; inherits the GT family draft.
GT-E,duplex_triplex,not_permitted,,911.02 Use Table,,,,reviewer: paste use-table cell text. Golden Triangle: treated as a downtown mixed-use family; residential by right assumed for multi-unit only. Draft assumption from the Two-Unit Residential row; three-unit needs a separate check. Specific sub-district; inherits the GT family draft.
GT-E,townhome,not_permitted,,911.02 Use Table,,,,reviewer: paste use-table cell text. Golden Triangle: treated as a downtown mixed-use family; residential by right assumed for multi-unit only. Draft assumption from the Single-Unit Attached Residential row. Specific sub-district; inherits the GT family draft.
GT-E,small_apartment,by_right,,911.02 Use Table,,,,reviewer: paste use-table cell text. Golden Triangle: treated as a downtown mixed-use family; residential by right assumed for multi-unit only. Draft assumption using Multi-Unit Residential as the proxy use. Specific sub-district; inherits the GT family draft.
GT-E,large_apartment,by_right,,911.02 Use Table,,,,reviewer: paste use-table cell text. Golden Triangle: treated as a downtown mixed-use family; residential by right assumed for multi-unit only. Draft assumption using Multi-Unit Residential as the proxy use. Specific sub-district; inherits the GT family draft.
GT-E,senior_accessible,by_right,,911.02 Use Table,,,,reviewer: paste use-table cell text. Golden Triangle: treated as a downtown mixed-use family; residential by right assumed for multi-unit only. Draft assumption using Multi-Unit Residential as the proxy use. Specific sub-district; inherits the GT family draft.
GT-E,rehab_reuse,unknown,,911.02 Use Table,,,,reviewer: paste use-table cell text. Golden Triangle: treated as a downtown mixed-use family; residential by right assumed for multi-unit only. Draft assumption: by_right wherever detached_sf or duplex_triplex is by_right in this draft; rehab of an existing lawful use is treated as continuing that use. Specific sub-district; inherits the GT family draft.
GT-E,detached_sf,not_permitted,,911.02 Use Table,,,,reviewer: paste use-table cell text. Golden Triangle: treated as a downtown mixed-use family; residential by right assumed for multi-unit only. Draft assumption from the Single-Unit Detached Residential row. Specific sub-district; inherits the GT family draft.
H,adu,unknown,,911.02 Use Table,,,,reviewer: paste use-table cell text. Hillside district: only detached single-unit assumed by right; verify all others. Draft assumption. 2025 ADU legislation status must be verified before any status other than unknown is entered.
H,duplex_triplex,unknown,,911.02 Use Table,,,,reviewer: paste use-table cell text. Hillside district: only detached single-unit assumed by right; verify all others. Draft assumption from the Two-Unit Residential row; three-unit needs a separate check.
H,townhome,unknown,,911.02 Use Table,,,,reviewer: paste use-table cell text. Hillside district: only detached single-unit assumed by right; verify all others. Draft assumption from the Single-Unit Attached Residential row.
H,small_apartment,unknown,,911.02 Use Table,,,,reviewer: paste use-table cell text. Hillside district: only detached single-unit assumed by right; verify all others. Draft assumption using Multi-Unit Residential as the proxy use.
H,large_apartment,unknown,,911.02 Use Table,,,,reviewer: paste use-table cell text. Hillside district: only detached single-unit assumed by right; verify all others. Draft assumption using Multi-Unit Residential as the proxy use.
H,senior_accessible,unknown,,911.02 Use Table,,,,reviewer: paste use-table cell text. Hillside district: only detached single-unit assumed by right; verify all others. Draft assumption using Multi-Unit Residential as the proxy use.
H,rehab_reuse,by_right,,911.02 Use Table,,,,reviewer: paste use-table cell text. Hillside district: only detached single-unit assumed by right; verify all others. Draft assumption: by_right wherever detached_sf or duplex_triplex is by_right in this draft; rehab of an existing lawful use is treated as continuing that use.
H,detached_sf,by_right,,911.02 Use Table,,,,reviewer: paste use-table cell text. Hillside district: only detached single-unit assumed by right; verify all others. Draft assumption from the Single-Unit Detached Residential row.
HC,adu,unknown,,911.02 Use Table,,,,reviewer: paste use-table cell text. Draft assumption. 2025 ADU legislation status must be verified before any status other than unknown is entered.
HC,duplex_triplex,not_permitted,,911.02 Use Table,,,,reviewer: paste use-table cell text. Draft assumption from the Two-Unit Residential row; three-unit needs a separate check.
HC,townhome,not_permitted,,911.02 Use Table,,,,reviewer: paste use-table cell text. Draft assumption from the Single-Unit Attached Residential row.
HC,small_apartment,by_right,,911.02 Use Table,,,,reviewer: paste use-table cell text. Draft assumption using Multi-Unit Residential as the proxy use.
HC,large_apartment,by_right,,911.02 Use Table,,,,reviewer: paste use-table cell text. Draft assumption using Multi-Unit Residential as the proxy use.
HC,senior_accessible,by_right,,911.02 Use Table,,,,reviewer: paste use-table cell text. Draft assumption using Multi-Unit Residential as the proxy use.
HC,rehab_reuse,unknown,,911.02 Use Table,,,,reviewer: paste use-table cell text. Draft assumption: by_right wherever detached_sf or duplex_triplex is by_right in this draft; rehab of an existing lawful use is treated as continuing that use.
HC,detached_sf,not_permitted,,911.02 Use Table,,,,reviewer: paste use-table cell text. Draft assumption from the Single-Unit Detached Residential row.
LNC,adu,unknown,,911.02 Use Table,,,,reviewer: paste use-table cell text. Draft assumption. 2025 ADU legislation status must be verified before any status other than unknown is entered.
LNC,duplex_triplex,by_right,,911.02 Use Table,,,,reviewer: paste use-table cell text. Draft assumption from the Two-Unit Residential row; three-unit needs a separate check.
LNC,townhome,by_right,,911.02 Use Table,,,,reviewer: paste use-table cell text. Draft assumption from the Single-Unit Attached Residential row.
LNC,small_apartment,by_right,,911.02 Use Table,,,,reviewer: paste use-table cell text. Draft assumption using Multi-Unit Residential as the proxy use.
LNC,large_apartment,by_right,,911.02 Use Table,,,,reviewer: paste use-table cell text. Draft assumption using Multi-Unit Residential as the proxy use.
LNC,senior_accessible,by_right,,911.02 Use Table,,,,reviewer: paste use-table cell text. Draft assumption using Multi-Unit Residential as the proxy use.
LNC,rehab_reuse,by_right,,911.02 Use Table,,,,reviewer: paste use-table cell text. Draft assumption: by_right wherever detached_sf or duplex_triplex is by_right in this draft; rehab of an existing lawful use is treated as continuing that use.
LNC,detached_sf,by_right,,911.02 Use Table,,,,reviewer: paste use-table cell text. Draft assumption from the Single-Unit Detached Residential row.
MTOBOR,adu,unknown,,911.02 Use Table,,,,reviewer: paste use-table cell text. Draft assumption. 2025 ADU legislation status must be verified before any status other than unknown is entered.
MTOBOR,duplex_triplex,unknown,,911.02 Use Table,,,,reviewer: paste use-table cell text. Draft assumption from the Two-Unit Residential row; three-unit needs a separate check.
MTOBOR,townhome,unknown,,911.02 Use Table,,,,reviewer: paste use-table cell text. Draft assumption from the Single-Unit Attached Residential row.
MTOBOR,small_apartment,unknown,,911.02 Use Table,,,,reviewer: paste use-table cell text. Draft assumption using Multi-Unit Residential as the proxy use.
MTOBOR,large_apartment,unknown,,911.02 Use Table,,,,reviewer: paste use-table cell text. Draft assumption using Multi-Unit Residential as the proxy use.
MTOBOR,senior_accessible,unknown,,911.02 Use Table,,,,reviewer: paste use-table cell text. Draft assumption using Multi-Unit Residential as the proxy use.
MTOBOR,rehab_reuse,unknown,,911.02 Use Table,,,,reviewer: paste use-table cell text. Draft assumption: by_right wherever detached_sf or duplex_triplex is by_right in this draft; rehab of an existing lawful use is treated as continuing that use.
MTOBOR,detached_sf,unknown,,911.02 Use Table,,,,reviewer: paste use-table cell text. Draft assumption from the Single-Unit Detached Residential row.
NDI,adu,unknown,,911.02 Use Table,,,,reviewer: paste use-table cell text. Draft assumption. 2025 ADU legislation status must be verified before any status other than unknown is entered.
NDI,duplex_triplex,by_right,,911.02 Use Table,,,,reviewer: paste use-table cell text. Draft assumption from the Two-Unit Residential row; three-unit needs a separate check.
NDI,townhome,by_right,,911.02 Use Table,,,,reviewer: paste use-table cell text. Draft assumption from the Single-Unit Attached Residential row.
NDI,small_apartment,special_exception,,911.02 Use Table,,,,reviewer: paste use-table cell text. Draft assumption using Multi-Unit Residential as the proxy use.
NDI,large_apartment,special_exception,,911.02 Use Table,,,,reviewer: paste use-table cell text. Draft assumption using Multi-Unit Residential as the proxy use.
NDI,senior_accessible,special_exception,,911.02 Use Table,,,,reviewer: paste use-table cell text. Draft assumption using Multi-Unit Residential as the proxy use.
NDI,rehab_reuse,by_right,,911.02 Use Table,,,,reviewer: paste use-table cell text. Draft assumption: by_right wherever detached_sf or duplex_triplex is by_right in this draft; rehab of an existing lawful use is treated as continuing that use.
NDI,detached_sf,by_right,,911.02 Use Table,,,,reviewer: paste use-table cell text. Draft assumption from the Single-Unit Detached Residential row.
NDO,adu,unknown,,911.02 Use Table,,,,reviewer: paste use-table cell text. Draft assumption. 2025 ADU legislation status must be verified before any status other than unknown is entered.
NDO,duplex_triplex,by_right,,911.02 Use Table,,,,reviewer: paste use-table cell text. Draft assumption from the Two-Unit Residential row; three-unit needs a separate check.
NDO,townhome,by_right,,911.02 Use Table,,,,reviewer: paste use-table cell text. Draft assumption from the Single-Unit Attached Residential row.
NDO,small_apartment,special_exception,,911.02 Use Table,,,,reviewer: paste use-table cell text. Draft assumption using Multi-Unit Residential as the proxy use.
NDO,large_apartment,special_exception,,911.02 Use Table,,,,reviewer: paste use-table cell text. Draft assumption using Multi-Unit Residential as the proxy use.
NDO,senior_accessible,special_exception,,911.02 Use Table,,,,reviewer: paste use-table cell text. Draft assumption using Multi-Unit Residential as the proxy use.
NDO,rehab_reuse,by_right,,911.02 Use Table,,,,reviewer: paste use-table cell text. Draft assumption: by_right wherever detached_sf or duplex_triplex is by_right in this draft; rehab of an existing lawful use is treated as continuing that use.
NDO,detached_sf,by_right,,911.02 Use Table,,,,reviewer: paste use-table cell text. Draft assumption from the Single-Unit Detached Residential row.
P,adu,unknown,,911.02 Use Table,,,,reviewer: paste use-table cell text. Parks and Open Space. Draft assumption. 2025 ADU legislation status must be verified before any status other than unknown is entered.
P,duplex_triplex,not_permitted,,911.02 Use Table,,,,reviewer: paste use-table cell text. Parks and Open Space. Draft assumption from the Two-Unit Residential row; three-unit needs a separate check.
P,townhome,not_permitted,,911.02 Use Table,,,,reviewer: paste use-table cell text. Parks and Open Space. Draft assumption from the Single-Unit Attached Residential row.
P,small_apartment,not_permitted,,911.02 Use Table,,,,reviewer: paste use-table cell text. Parks and Open Space. Draft assumption using Multi-Unit Residential as the proxy use.
P,large_apartment,not_permitted,,911.02 Use Table,,,,reviewer: paste use-table cell text. Parks and Open Space. Draft assumption using Multi-Unit Residential as the proxy use.
P,senior_accessible,not_permitted,,911.02 Use Table,,,,reviewer: paste use-table cell text. Parks and Open Space. Draft assumption using Multi-Unit Residential as the proxy use.
P,rehab_reuse,unknown,,911.02 Use Table,,,,reviewer: paste use-table cell text. Parks and Open Space. Draft assumption: by_right wherever detached_sf or duplex_triplex is by_right in this draft; rehab of an existing lawful use is treated as continuing that use.
P,detached_sf,not_permitted,,911.02 Use Table,,,,reviewer: paste use-table cell text. Parks and Open Space. Draft assumption from the Single-Unit Detached Residential row.
R-MU,adu,unknown,,911.02 Use Table,,,,reviewer: paste use-table cell text. Draft assumption. 2025 ADU legislation status must be verified before any status other than unknown is entered. Specific sub-district; inherits the R family draft.
R-MU,duplex_triplex,unknown,,911.02 Use Table,,,,reviewer: paste use-table cell text. Draft assumption from the Two-Unit Residential row; three-unit needs a separate check. Specific sub-district; inherits the R family draft.
R-MU,townhome,unknown,,911.02 Use Table,,,,reviewer: paste use-table cell text. Draft assumption from the Single-Unit Attached Residential row. Specific sub-district; inherits the R family draft.
R-MU,small_apartment,unknown,,911.02 Use Table,,,,reviewer: paste use-table cell text. Draft assumption using Multi-Unit Residential as the proxy use. Specific sub-district; inherits the R family draft.
R-MU,large_apartment,unknown,,911.02 Use Table,,,,reviewer: paste use-table cell text. Draft assumption using Multi-Unit Residential as the proxy use. Specific sub-district; inherits the R family draft.
R-MU,senior_accessible,unknown,,911.02 Use Table,,,,reviewer: paste use-table cell text. Draft assumption using Multi-Unit Residential as the proxy use. Specific sub-district; inherits the R family draft.
R-MU,rehab_reuse,unknown,,911.02 Use Table,,,,reviewer: paste use-table cell text. Draft assumption: by_right wherever detached_sf or duplex_triplex is by_right in this draft; rehab of an existing lawful use is treated as continuing that use. Specific sub-district; inherits the R family draft.
R-MU,detached_sf,unknown,,911.02 Use Table,,,,reviewer: paste use-table cell text. Draft assumption from the Single-Unit Detached Residential row. Specific sub-district; inherits the R family draft.
R1A,adu,unknown,,911.02 Use Table,,,,reviewer: paste use-table cell text. Draft assumption. 2025 ADU legislation status must be verified before any status other than unknown is entered.
R1A,duplex_triplex,not_permitted,,911.02 Use Table,,,,reviewer: paste use-table cell text. Draft assumption from the Two-Unit Residential row; three-unit needs a separate check.
R1A,townhome,by_right,,911.02 Use Table,,,,reviewer: paste use-table cell text. Draft assumption from the Single-Unit Attached Residential row.
R1A,small_apartment,not_permitted,,911.02 Use Table,,,,reviewer: paste use-table cell text. Draft assumption using Multi-Unit Residential as the proxy use.
R1A,large_apartment,not_permitted,,911.02 Use Table,,,,reviewer: paste use-table cell text. Draft assumption using Multi-Unit Residential as the proxy use.
R1A,senior_accessible,not_permitted,,911.02 Use Table,,,,reviewer: paste use-table cell text. Draft assumption using Multi-Unit Residential as the proxy use.
R1A,rehab_reuse,by_right,,911.02 Use Table,,,,reviewer: paste use-table cell text. Draft assumption: by_right wherever detached_sf or duplex_triplex is by_right in this draft; rehab of an existing lawful use is treated as continuing that use.
R1A,detached_sf,by_right,,911.02 Use Table,,,,reviewer: paste use-table cell text. Draft assumption from the Single-Unit Detached Residential row.
R1A-H,adu,unknown,,911.02 Use Table,,,,reviewer: paste use-table cell text. Draft assumption. 2025 ADU legislation status must be verified before any status other than unknown is entered. Specific sub-district; inherits the R1A family draft.
R1A-H,duplex_triplex,not_permitted,,911.02 Use Table,,,,reviewer: paste use-table cell text. Draft assumption from the Two-Unit Residential row; three-unit needs a separate check. Specific sub-district; inherits the R1A family draft.
R1A-H,townhome,by_right,,911.02 Use Table,,,,reviewer: paste use-table cell text. Draft assumption from the Single-Unit Attached Residential row. Specific sub-district; inherits the R1A family draft.
R1A-H,small_apartment,not_permitted,,911.02 Use Table,,,,reviewer: paste use-table cell text. Draft assumption using Multi-Unit Residential as the proxy use. Specific sub-district; inherits the R1A family draft.
R1A-H,large_apartment,not_permitted,,911.02 Use Table,,,,reviewer: paste use-table cell text. Draft assumption using Multi-Unit Residential as the proxy use. Specific sub-district; inherits the R1A family draft.
R1A-H,senior_accessible,not_permitted,,911.02 Use Table,,,,reviewer: paste use-table cell text. Draft assumption using Multi-Unit Residential as the proxy use. Specific sub-district; inherits the R1A family draft.
R1A-H,rehab_reuse,by_right,,911.02 Use Table,,,,reviewer: paste use-table cell text. Draft assumption: by_right wherever detached_sf or duplex_triplex is by_right in this draft; rehab of an existing lawful use is treated as continuing that use. Specific sub-district; inherits the R1A family draft.
R1A-H,detached_sf,by_right,,911.02 Use Table,,,,reviewer: paste use-table cell text. Draft assumption from the Single-Unit Detached Residential row. Specific sub-district; inherits the R1A family draft.
R1A-M,adu,unknown,,911.02 Use Table,,,,reviewer: paste use-table cell text. Draft assumption. 2025 ADU legislation status must be verified before any status other than unknown is entered. Specific sub-district; inherits the R1A family draft.
R1A-M,duplex_triplex,not_permitted,,911.02 Use Table,,,,reviewer: paste use-table cell text. Draft assumption from the Two-Unit Residential row; three-unit needs a separate check. Specific sub-district; inherits the R1A family draft.
R1A-M,townhome,by_right,,911.02 Use Table,,,,reviewer: paste use-table cell text. Draft assumption from the Single-Unit Attached Residential row. Specific sub-district; inherits the R1A family draft.
R1A-M,small_apartment,not_permitted,,911.02 Use Table,,,,reviewer: paste use-table cell text. Draft assumption using Multi-Unit Residential as the proxy use. Specific sub-district; inherits the R1A family draft.
R1A-M,large_apartment,not_permitted,,911.02 Use Table,,,,reviewer: paste use-table cell text. Draft assumption using Multi-Unit Residential as the proxy use. Specific sub-district; inherits the R1A family draft.
R1A-M,senior_accessible,not_permitted,,911.02 Use Table,,,,reviewer: paste use-table cell text. Draft assumption using Multi-Unit Residential as the proxy use. Specific sub-district; inherits the R1A family draft.
R1A-M,rehab_reuse,by_right,,911.02 Use Table,,,,reviewer: paste use-table cell text. Draft assumption: by_right wherever detached_sf or duplex_triplex is by_right in this draft; rehab of an existing lawful use is treated as continuing that use. Specific sub-district; inherits the R1A family draft.
R1A-M,detached_sf,by_right,,911.02 Use Table,,,,reviewer: paste use-table cell text. Draft assumption from the Single-Unit Detached Residential row. Specific sub-district; inherits the R1A family draft.
R1A-VH,adu,unknown,,911.02 Use Table,,,,reviewer: paste use-table cell text. Draft assumption. 2025 ADU legislation status must be verified before any status other than unknown is entered. Specific sub-district; inherits the R1A family draft.
R1A-VH,duplex_triplex,not_permitted,,911.02 Use Table,,,,reviewer: paste use-table cell text. Draft assumption from the Two-Unit Residential row; three-unit needs a separate check. Specific sub-district; inherits the R1A family draft.
R1A-VH,townhome,by_right,,911.02 Use Table,,,,reviewer: paste use-table cell text. Draft assumption from the Single-Unit Attached Residential row. Specific sub-district; inherits the R1A family draft.
R1A-VH,small_apartment,not_permitted,,911.02 Use Table,,,,reviewer: paste use-table cell text. Draft assumption using Multi-Unit Residential as the proxy use. Specific sub-district; inherits the R1A family draft.
R1A-VH,large_apartment,not_permitted,,911.02 Use Table,,,,reviewer: paste use-table cell text. Draft assumption using Multi-Unit Residential as the proxy use. Specific sub-district; inherits the R1A family draft.
R1A-VH,senior_accessible,not_permitted,,911.02 Use Table,,,,reviewer: paste use-table cell text. Draft assumption using Multi-Unit Residential as the proxy use. Specific sub-district; inherits the R1A family draft.
R1A-VH,rehab_reuse,by_right,,911.02 Use Table,,,,reviewer: paste use-table cell text. Draft assumption: by_right wherever detached_sf or duplex_triplex is by_right in this draft; rehab of an existing lawful use is treated as continuing that use. Specific sub-district; inherits the R1A family draft.
R1A-VH,detached_sf,by_right,,911.02 Use Table,,,,reviewer: paste use-table cell text. Draft assumption from the Single-Unit Detached Residential row. Specific sub-district; inherits the R1A family draft.
R1D,adu,unknown,,911.02 Use Table,,,,reviewer: paste use-table cell text. Draft assumption. 2025 ADU legislation status must be verified before any status other than unknown is entered.
R1D,duplex_triplex,not_permitted,,911.02 Use Table,,,,reviewer: paste use-table cell text. Draft assumption from the Two-Unit Residential row; three-unit needs a separate check.
R1D,townhome,not_permitted,,911.02 Use Table,,,,reviewer: paste use-table cell text. Draft assumption from the Single-Unit Attached Residential row.
R1D,small_apartment,not_permitted,,911.02 Use Table,,,,reviewer: paste use-table cell text. Draft assumption using Multi-Unit Residential as the proxy use.
R1D,large_apartment,not_permitted,,911.02 Use Table,,,,reviewer: paste use-table cell text. Draft assumption using Multi-Unit Residential as the proxy use.
R1D,senior_accessible,not_permitted,,911.02 Use Table,,,,reviewer: paste use-table cell text. Draft assumption using Multi-Unit Residential as the proxy use.
R1D,rehab_reuse,by_right,,911.02 Use Table,,,,reviewer: paste use-table cell text. Draft assumption: by_right wherever detached_sf or duplex_triplex is by_right in this draft; rehab of an existing lawful use is treated as continuing that use.
R1D,detached_sf,by_right,,911.02 Use Table,,,,reviewer: paste use-table cell text. Draft assumption from the Single-Unit Detached Residential row.
R1D-H,adu,unknown,,911.02 Use Table,,,,reviewer: paste use-table cell text. Draft assumption. 2025 ADU legislation status must be verified before any status other than unknown is entered. Specific sub-district; inherits the R1D family draft.
R1D-H,duplex_triplex,not_permitted,,911.02 Use Table,,,,reviewer: paste use-table cell text. Draft assumption from the Two-Unit Residential row; three-unit needs a separate check. Specific sub-district; inherits the R1D family draft.
R1D-H,townhome,not_permitted,,911.02 Use Table,,,,reviewer: paste use-table cell text. Draft assumption from the Single-Unit Attached Residential row. Specific sub-district; inherits the R1D family draft.
R1D-H,small_apartment,not_permitted,,911.02 Use Table,,,,reviewer: paste use-table cell text. Draft assumption using Multi-Unit Residential as the proxy use. Specific sub-district; inherits the R1D family draft.
R1D-H,large_apartment,not_permitted,,911.02 Use Table,,,,reviewer: paste use-table cell text. Draft assumption using Multi-Unit Residential as the proxy use. Specific sub-district; inherits the R1D family draft.
R1D-H,senior_accessible,not_permitted,,911.02 Use Table,,,,reviewer: paste use-table cell text. Draft assumption using Multi-Unit Residential as the proxy use. Specific sub-district; inherits the R1D family draft.
R1D-H,rehab_reuse,by_right,,911.02 Use Table,,,,reviewer: paste use-table cell text. Draft assumption: by_right wherever detached_sf or duplex_triplex is by_right in this draft; rehab of an existing lawful use is treated as continuing that use. Specific sub-district; inherits the R1D family draft.
R1D-H,detached_sf,by_right,,911.02 Use Table,,,,reviewer: paste use-table cell text. Draft assumption from the Single-Unit Detached Residential row. Specific sub-district; inherits the R1D family draft.
R1D-L,adu,unknown,,911.02 Use Table,,,,reviewer: paste use-table cell text. Draft assumption. 2025 ADU legislation status must be verified before any status other than unknown is entered. Specific sub-district; inherits the R1D family draft.
R1D-L,duplex_triplex,not_permitted,,911.02 Use Table,,,,reviewer: paste use-table cell text. Draft assumption from the Two-Unit Residential row; three-unit needs a separate check. Specific sub-district; inherits the R1D family draft.
R1D-L,townhome,not_permitted,,911.02 Use Table,,,,reviewer: paste use-table cell text. Draft assumption from the Single-Unit Attached Residential row. Specific sub-district; inherits the R1D family draft.
R1D-L,small_apartment,not_permitted,,911.02 Use Table,,,,reviewer: paste use-table cell text. Draft assumption using Multi-Unit Residential as the proxy use. Specific sub-district; inherits the R1D family draft.
R1D-L,large_apartment,not_permitted,,911.02 Use Table,,,,reviewer: paste use-table cell text. Draft assumption using Multi-Unit Residential as the proxy use. Specific sub-district; inherits the R1D family draft.
R1D-L,senior_accessible,not_permitted,,911.02 Use Table,,,,reviewer: paste use-table cell text. Draft assumption using Multi-Unit Residential as the proxy use. Specific sub-district; inherits the R1D family draft.
R1D-L,rehab_reuse,by_right,,911.02 Use Table,,,,reviewer: paste use-table cell text. Draft assumption: by_right wherever detached_sf or duplex_triplex is by_right in this draft; rehab of an existing lawful use is treated as continuing that use. Specific sub-district; inherits the R1D family draft.
R1D-L,detached_sf,by_right,,911.02 Use Table,,,,reviewer: paste use-table cell text. Draft assumption from the Single-Unit Detached Residential row. Specific sub-district; inherits the R1D family draft.
R1D-M,adu,unknown,,911.02 Use Table,,,,reviewer: paste use-table cell text. Draft assumption. 2025 ADU legislation status must be verified before any status other than unknown is entered. Specific sub-district; inherits the R1D family draft.
R1D-M,duplex_triplex,not_permitted,,911.02 Use Table,,,,reviewer: paste use-table cell text. Draft assumption from the Two-Unit Residential row; three-unit needs a separate check. Specific sub-district; inherits the R1D family draft.
R1D-M,townhome,not_permitted,,911.02 Use Table,,,,reviewer: paste use-table cell text. Draft assumption from the Single-Unit Attached Residential row. Specific sub-district; inherits the R1D family draft.
R1D-M,small_apartment,not_permitted,,911.02 Use Table,,,,reviewer: paste use-table cell text. Draft assumption using Multi-Unit Residential as the proxy use. Specific sub-district; inherits the R1D family draft.
R1D-M,large_apartment,not_permitted,,911.02 Use Table,,,,reviewer: paste use-table cell text. Draft assumption using Multi-Unit Residential as the proxy use. Specific sub-district; inherits the R1D family draft.
R1D-M,senior_accessible,not_permitted,,911.02 Use Table,,,,reviewer: paste use-table cell text. Draft assumption using Multi-Unit Residential as the proxy use. Specific sub-district; inherits the R1D family draft.
R1D-M,rehab_reuse,by_right,,911.02 Use Table,,,,reviewer: paste use-table cell text. Draft assumption: by_right wherever detached_sf or duplex_triplex is by_right in this draft; rehab of an existing lawful use is treated as continuing that use. Specific sub-district; inherits the R1D family draft.
R1D-M,detached_sf,by_right,,911.02 Use Table,,,,reviewer: paste use-table cell text. Draft assumption from the Single-Unit Detached Residential row. Specific sub-district; inherits the R1D family draft.
R1D-VH,adu,unknown,,911.02 Use Table,,,,reviewer: paste use-table cell text. Draft assumption. 2025 ADU legislation status must be verified before any status other than unknown is entered. Specific sub-district; inherits the R1D family draft.
R1D-VH,duplex_triplex,not_permitted,,911.02 Use Table,,,,reviewer: paste use-table cell text. Draft assumption from the Two-Unit Residential row; three-unit needs a separate check. Specific sub-district; inherits the R1D family draft.
R1D-VH,townhome,not_permitted,,911.02 Use Table,,,,reviewer: paste use-table cell text. Draft assumption from the Single-Unit Attached Residential row. Specific sub-district; inherits the R1D family draft.
R1D-VH,small_apartment,not_permitted,,911.02 Use Table,,,,reviewer: paste use-table cell text. Draft assumption using Multi-Unit Residential as the proxy use. Specific sub-district; inherits the R1D family draft.
R1D-VH,large_apartment,not_permitted,,911.02 Use Table,,,,reviewer: paste use-table cell text. Draft assumption using Multi-Unit Residential as the proxy use. Specific sub-district; inherits the R1D family draft.
R1D-VH,senior_accessible,not_permitted,,911.02 Use Table,,,,reviewer: paste use-table cell text. Draft assumption using Multi-Unit Residential as the proxy use. Specific sub-district; inherits the R1D family draft.
R1D-VH,rehab_reuse,by_right,,911.02 Use Table,,,,reviewer: paste use-table cell text. Draft assumption: by_right wherever detached_sf or duplex_triplex is by_right in this draft; rehab of an existing lawful use is treated as continuing that use. Specific sub-district; inherits the R1D family draft.
R1D-VH,detached_sf,by_right,,911.02 Use Table,,,,reviewer: paste use-table cell text. Draft assumption from the Single-Unit Detached Residential row. Specific sub-district; inherits the R1D family draft.
R1D-VL,adu,unknown,,911.02 Use Table,,,,reviewer: paste use-table cell text. Draft assumption. 2025 ADU legislation status must be verified before any status other than unknown is entered. Specific sub-district; inherits the R1D family draft.
R1D-VL,duplex_triplex,not_permitted,,911.02 Use Table,,,,reviewer: paste use-table cell text. Draft assumption from the Two-Unit Residential row; three-unit needs a separate check. Specific sub-district; inherits the R1D family draft.
R1D-VL,townhome,not_permitted,,911.02 Use Table,,,,reviewer: paste use-table cell text. Draft assumption from the Single-Unit Attached Residential row. Specific sub-district; inherits the R1D family draft.
R1D-VL,small_apartment,not_permitted,,911.02 Use Table,,,,reviewer: paste use-table cell text. Draft assumption using Multi-Unit Residential as the proxy use. Specific sub-district; inherits the R1D family draft.
R1D-VL,large_apartment,not_permitted,,911.02 Use Table,,,,reviewer: paste use-table cell text. Draft assumption using Multi-Unit Residential as the proxy use. Specific sub-district; inherits the R1D family draft.
R1D-VL,senior_accessible,not_permitted,,911.02 Use Table,,,,reviewer: paste use-table cell text. Draft assumption using Multi-Unit Residential as the proxy use. Specific sub-district; inherits the R1D family draft.
R1D-VL,rehab_reuse,by_right,,911.02 Use Table,,,,reviewer: paste use-table cell text. Draft assumption: by_right wherever detached_sf or duplex_triplex is by_right in this draft; rehab of an existing lawful use is treated as continuing that use. Specific sub-district; inherits the R1D family draft.
R1D-VL,detached_sf,by_right,,911.02 Use Table,,,,reviewer: paste use-table cell text. Draft assumption from the Single-Unit Detached Residential row. Specific sub-district; inherits the R1D family draft.
R2,adu,unknown,,911.02 Use Table,,,,reviewer: paste use-table cell text. Draft assumption. 2025 ADU legislation status must be verified before any status other than unknown is entered.
R2,duplex_triplex,by_right,,911.02 Use Table,,,,reviewer: paste use-table cell text. Draft assumption from the Two-Unit Residential row; three-unit needs a separate check.
R2,townhome,by_right,,911.02 Use Table,,,,reviewer: paste use-table cell text. Draft assumption from the Single-Unit Attached Residential row.
R2,small_apartment,not_permitted,,911.02 Use Table,,,,reviewer: paste use-table cell text. Draft assumption using Multi-Unit Residential as the proxy use.
R2,large_apartment,not_permitted,,911.02 Use Table,,,,reviewer: paste use-table cell text. Draft assumption using Multi-Unit Residential as the proxy use.
R2,senior_accessible,not_permitted,,911.02 Use Table,,,,reviewer: paste use-table cell text. Draft assumption using Multi-Unit Residential as the proxy use.
R2,rehab_reuse,by_right,,911.02 Use Table,,,,reviewer: paste use-table cell text. Draft assumption: by_right wherever detached_sf or duplex_triplex is by_right in this draft; rehab of an existing lawful use is treated as continuing that use.
R2,detached_sf,by_right,,911.02 Use Table,,,,reviewer: paste use-table cell text. Draft assumption from the Single-Unit Detached Residential row.
R2-H,adu,unknown,,911.02 Use Table,,,,reviewer: paste use-table cell text. Draft assumption. 2025 ADU legislation status must be verified before any status other than unknown is entered. Specific sub-district; inherits the R2 family draft.
R2-H,duplex_triplex,by_right,,911.02 Use Table,,,,reviewer: paste use-table cell text. Draft assumption from the Two-Unit Residential row; three-unit needs a separate check. Specific sub-district; inherits the R2 family draft.
R2-H,townhome,by_right,,911.02 Use Table,,,,reviewer: paste use-table cell text. Draft assumption from the Single-Unit Attached Residential row. Specific sub-district; inherits the R2 family draft.
R2-H,small_apartment,not_permitted,,911.02 Use Table,,,,reviewer: paste use-table cell text. Draft assumption using Multi-Unit Residential as the proxy use. Specific sub-district; inherits the R2 family draft.
R2-H,large_apartment,not_permitted,,911.02 Use Table,,,,reviewer: paste use-table cell text. Draft assumption using Multi-Unit Residential as the proxy use. Specific sub-district; inherits the R2 family draft.
R2-H,senior_accessible,not_permitted,,911.02 Use Table,,,,reviewer: paste use-table cell text. Draft assumption using Multi-Unit Residential as the proxy use. Specific sub-district; inherits the R2 family draft.
R2-H,rehab_reuse,by_right,,911.02 Use Table,,,,reviewer: paste use-table cell text. Draft assumption: by_right wherever detached_sf or duplex_triplex is by_right in this draft; rehab of an existing lawful use is treated as continuing that use. Specific sub-district; inherits the R2 family draft.
R2-H,detached_sf,by_right,,911.02 Use Table,,,,reviewer: paste use-table cell text. Draft assumption from the Single-Unit Detached Residential row. Specific sub-district; inherits the R2 family draft.
R2-L,adu,unknown,,911.02 Use Table,,,,reviewer: paste use-table cell text. Draft assumption. 2025 ADU legislation status must be verified before any status other than unknown is entered. Specific sub-district; inherits the R2 family draft.
R2-L,duplex_triplex,by_right,,911.02 Use Table,,,,reviewer: paste use-table cell text. Draft assumption from the Two-Unit Residential row; three-unit needs a separate check. Specific sub-district; inherits the R2 family draft.
R2-L,townhome,by_right,,911.02 Use Table,,,,reviewer: paste use-table cell text. Draft assumption from the Single-Unit Attached Residential row. Specific sub-district; inherits the R2 family draft.
R2-L,small_apartment,not_permitted,,911.02 Use Table,,,,reviewer: paste use-table cell text. Draft assumption using Multi-Unit Residential as the proxy use. Specific sub-district; inherits the R2 family draft.
R2-L,large_apartment,not_permitted,,911.02 Use Table,,,,reviewer: paste use-table cell text. Draft assumption using Multi-Unit Residential as the proxy use. Specific sub-district; inherits the R2 family draft.
R2-L,senior_accessible,not_permitted,,911.02 Use Table,,,,reviewer: paste use-table cell text. Draft assumption using Multi-Unit Residential as the proxy use. Specific sub-district; inherits the R2 family draft.
R2-L,rehab_reuse,by_right,,911.02 Use Table,,,,reviewer: paste use-table cell text. Draft assumption: by_right wherever detached_sf or duplex_triplex is by_right in this draft; rehab of an existing lawful use is treated as continuing that use. Specific sub-district; inherits the R2 family draft.
R2-L,detached_sf,by_right,,911.02 Use Table,,,,reviewer: paste use-table cell text. Draft assumption from the Single-Unit Detached Residential row. Specific sub-district; inherits the R2 family draft.
R2-M,adu,unknown,,911.02 Use Table,,,,reviewer: paste use-table cell text. Draft assumption. 2025 ADU legislation status must be verified before any status other than unknown is entered. Specific sub-district; inherits the R2 family draft.
R2-M,duplex_triplex,by_right,,911.02 Use Table,,,,reviewer: paste use-table cell text. Draft assumption from the Two-Unit Residential row; three-unit needs a separate check. Specific sub-district; inherits the R2 family draft.
R2-M,townhome,by_right,,911.02 Use Table,,,,reviewer: paste use-table cell text. Draft assumption from the Single-Unit Attached Residential row. Specific sub-district; inherits the R2 family draft.
R2-M,small_apartment,not_permitted,,911.02 Use Table,,,,reviewer: paste use-table cell text. Draft assumption using Multi-Unit Residential as the proxy use. Specific sub-district; inherits the R2 family draft.
R2-M,large_apartment,not_permitted,,911.02 Use Table,,,,reviewer: paste use-table cell text. Draft assumption using Multi-Unit Residential as the proxy use. Specific sub-district; inherits the R2 family draft.
R2-M,senior_accessible,not_permitted,,911.02 Use Table,,,,reviewer: paste use-table cell text. Draft assumption using Multi-Unit Residential as the proxy use. Specific sub-district; inherits the R2 family draft.
R2-M,rehab_reuse,by_right,,911.02 Use Table,,,,reviewer: paste use-table cell text. Draft assumption: by_right wherever detached_sf or duplex_triplex is by_right in this draft; rehab of an existing lawful use is treated as continuing that use. Specific sub-district; inherits the R2 family draft.
R2-M,detached_sf,by_right,,911.02 Use Table,,,,reviewer: paste use-table cell text. Draft assumption from the Single-Unit Detached Residential row. Specific sub-district; inherits the R2 family draft.
R2-VH,adu,unknown,,911.02 Use Table,,,,reviewer: paste use-table cell text. Draft assumption. 2025 ADU legislation status must be verified before any status other than unknown is entered. Specific sub-district; inherits the R2 family draft.
R2-VH,duplex_triplex,by_right,,911.02 Use Table,,,,reviewer: paste use-table cell text. Draft assumption from the Two-Unit Residential row; three-unit needs a separate check. Specific sub-district; inherits the R2 family draft.
R2-VH,townhome,by_right,,911.02 Use Table,,,,reviewer: paste use-table cell text. Draft assumption from the Single-Unit Attached Residential row. Specific sub-district; inherits the R2 family draft.
R2-VH,small_apartment,not_permitted,,911.02 Use Table,,,,reviewer: paste use-table cell text. Draft assumption using Multi-Unit Residential as the proxy use. Specific sub-district; inherits the R2 family draft.
R2-VH,large_apartment,not_permitted,,911.02 Use Table,,,,reviewer: paste use-table cell text. Draft assumption using Multi-Unit Residential as the proxy use. Specific sub-district; inherits the R2 family draft.
R2-VH,senior_accessible,not_permitted,,911.02 Use Table,,,,reviewer: paste use-table cell text. Draft assumption using Multi-Unit Residential as the proxy use. Specific sub-district; inherits the R2 family draft.
R2-VH,rehab_reuse,by_right,,911.02 Use Table,,,,reviewer: paste use-table cell text. Draft assumption: by_right wherever detached_sf or duplex_triplex is by_right in this draft; rehab of an existing lawful use is treated as continuing that use. Specific sub-district; inherits the R2 family draft.
R2-VH,detached_sf,by_right,,911.02 Use Table,,,,reviewer: paste use-table cell text. Draft assumption from the Single-Unit Detached Residential row. Specific sub-district; inherits the R2 family draft.
R3,adu,unknown,,911.02 Use Table,,,,reviewer: paste use-table cell text. Draft assumption. 2025 ADU legislation status must be verified before any status other than unknown is entered.
R3,duplex_triplex,by_right,,911.02 Use Table,,,,reviewer: paste use-table cell text. Draft assumption from the Two-Unit Residential row; three-unit needs a separate check.
R3,townhome,by_right,,911.02 Use Table,,,,reviewer: paste use-table cell text. Draft assumption from the Single-Unit Attached Residential row.
R3,small_apartment,not_permitted,,911.02 Use Table,,,,reviewer: paste use-table cell text. Draft assumption using Multi-Unit Residential as the proxy use.
R3,large_apartment,not_permitted,,911.02 Use Table,,,,reviewer: paste use-table cell text. Draft assumption using Multi-Unit Residential as the proxy use.
R3,senior_accessible,not_permitted,,911.02 Use Table,,,,reviewer: paste use-table cell text. Draft assumption using Multi-Unit Residential as the proxy use.
R3,rehab_reuse,by_right,,911.02 Use Table,,,,reviewer: paste use-table cell text. Draft assumption: by_right wherever detached_sf or duplex_triplex is by_right in this draft; rehab of an existing lawful use is treated as continuing that use.
R3,detached_sf,by_right,,911.02 Use Table,,,,reviewer: paste use-table cell text. Draft assumption from the Single-Unit Detached Residential row.
R3-L,adu,unknown,,911.02 Use Table,,,,reviewer: paste use-table cell text. Draft assumption. 2025 ADU legislation status must be verified before any status other than unknown is entered. Specific sub-district; inherits the R3 family draft.
R3-L,duplex_triplex,by_right,,911.02 Use Table,,,,reviewer: paste use-table cell text. Draft assumption from the Two-Unit Residential row; three-unit needs a separate check. Specific sub-district; inherits the R3 family draft.
R3-L,townhome,by_right,,911.02 Use Table,,,,reviewer: paste use-table cell text. Draft assumption from the Single-Unit Attached Residential row. Specific sub-district; inherits the R3 family draft.
R3-L,small_apartment,not_permitted,,911.02 Use Table,,,,reviewer: paste use-table cell text. Draft assumption using Multi-Unit Residential as the proxy use. Specific sub-district; inherits the R3 family draft.
R3-L,large_apartment,not_permitted,,911.02 Use Table,,,,reviewer: paste use-table cell text. Draft assumption using Multi-Unit Residential as the proxy use. Specific sub-district; inherits the R3 family draft.
R3-L,senior_accessible,not_permitted,,911.02 Use Table,,,,reviewer: paste use-table cell text. Draft assumption using Multi-Unit Residential as the proxy use. Specific sub-district; inherits the R3 family draft.
R3-L,rehab_reuse,by_right,,911.02 Use Table,,,,reviewer: paste use-table cell text. Draft assumption: by_right wherever detached_sf or duplex_triplex is by_right in this draft; rehab of an existing lawful use is treated as continuing that use. Specific sub-district; inherits the R3 family draft.
R3-L,detached_sf,by_right,,911.02 Use Table,,,,reviewer: paste use-table cell text. Draft assumption from the Single-Unit Detached Residential row. Specific sub-district; inherits the R3 family draft.
R3-M,adu,unknown,,911.02 Use Table,,,,reviewer: paste use-table cell text. Draft assumption. 2025 ADU legislation status must be verified before any status other than unknown is entered. Specific sub-district; inherits the R3 family draft.
R3-M,duplex_triplex,by_right,,911.02 Use Table,,,,reviewer: paste use-table cell text. Draft assumption from the Two-Unit Residential row; three-unit needs a separate check. Specific sub-district; inherits the R3 family draft.
R3-M,townhome,by_right,,911.02 Use Table,,,,reviewer: paste use-table cell text. Draft assumption from the Single-Unit Attached Residential row. Specific sub-district; inherits the R3 family draft.
R3-M,small_apartment,not_permitted,,911.02 Use Table,,,,reviewer: paste use-table cell text. Draft assumption using Multi-Unit Residential as the proxy use. Specific sub-district; inherits the R3 family draft.
R3-M,large_apartment,not_permitted,,911.02 Use Table,,,,reviewer: paste use-table cell text. Draft assumption using Multi-Unit Residential as the proxy use. Specific sub-district; inherits the R3 family draft.
R3-M,senior_accessible,not_permitted,,911.02 Use Table,,,,reviewer: paste use-table cell text. Draft assumption using Multi-Unit Residential as the proxy use. Specific sub-district; inherits the R3 family draft.
R3-M,rehab_reuse,by_right,,911.02 Use Table,,,,reviewer: paste use-table cell text. Draft assumption: by_right wherever detached_sf or duplex_triplex is by_right in this draft; rehab of an existing lawful use is treated as continuing that use. Specific sub-district; inherits the R3 family draft.
R3-M,detached_sf,by_right,,911.02 Use Table,,,,reviewer: paste use-table cell text. Draft assumption from the Single-Unit Detached Residential row. Specific sub-district; inherits the R3 family draft.
RIV,adu,unknown,,911.02 Use Table,,,,reviewer: paste use-table cell text. Riverfront district (Ch. 905.04): uses differ by sub-district; unknown until reviewed. Draft assumption. 2025 ADU legislation status must be verified before any status other than unknown is entered.
RIV,duplex_triplex,unknown,,911.02 Use Table,,,,reviewer: paste use-table cell text. Riverfront district (Ch. 905.04): uses differ by sub-district; unknown until reviewed. Draft assumption from the Two-Unit Residential row; three-unit needs a separate check.
RIV,townhome,unknown,,911.02 Use Table,,,,reviewer: paste use-table cell text. Riverfront district (Ch. 905.04): uses differ by sub-district; unknown until reviewed. Draft assumption from the Single-Unit Attached Residential row.
RIV,small_apartment,unknown,,911.02 Use Table,,,,reviewer: paste use-table cell text. Riverfront district (Ch. 905.04): uses differ by sub-district; unknown until reviewed. Draft assumption using Multi-Unit Residential as the proxy use.
RIV,large_apartment,unknown,,911.02 Use Table,,,,reviewer: paste use-table cell text. Riverfront district (Ch. 905.04): uses differ by sub-district; unknown until reviewed. Draft assumption using Multi-Unit Residential as the proxy use.
RIV,senior_accessible,unknown,,911.02 Use Table,,,,reviewer: paste use-table cell text. Riverfront district (Ch. 905.04): uses differ by sub-district; unknown until reviewed. Draft assumption using Multi-Unit Residential as the proxy use.
RIV,rehab_reuse,unknown,,911.02 Use Table,,,,reviewer: paste use-table cell text. Riverfront district (Ch. 905.04): uses differ by sub-district; unknown until reviewed. Draft assumption: by_right wherever detached_sf or duplex_triplex is by_right in this draft; rehab of an existing lawful use is treated as continuing that use.
RIV,detached_sf,unknown,,911.02 Use Table,,,,reviewer: paste use-table cell text. Riverfront district (Ch. 905.04): uses differ by sub-district; unknown until reviewed. Draft assumption from the Single-Unit Detached Residential row.
RIV-GI,adu,unknown,,911.02 Use Table,,,,reviewer: paste use-table cell text. Riverfront district (Ch. 905.04): uses differ by sub-district; unknown until reviewed. Draft assumption. 2025 ADU legislation status must be verified before any status other than unknown is entered. Specific sub-district; inherits the RIV family draft.
RIV-GI,duplex_triplex,unknown,,911.02 Use Table,,,,reviewer: paste use-table cell text. Riverfront district (Ch. 905.04): uses differ by sub-district; unknown until reviewed. Draft assumption from the Two-Unit Residential row; three-unit needs a separate check. Specific sub-district; inherits the RIV family draft.
RIV-GI,townhome,unknown,,911.02 Use Table,,,,reviewer: paste use-table cell text. Riverfront district (Ch. 905.04): uses differ by sub-district; unknown until reviewed. Draft assumption from the Single-Unit Attached Residential row. Specific sub-district; inherits the RIV family draft.
RIV-GI,small_apartment,unknown,,911.02 Use Table,,,,reviewer: paste use-table cell text. Riverfront district (Ch. 905.04): uses differ by sub-district; unknown until reviewed. Draft assumption using Multi-Unit Residential as the proxy use. Specific sub-district; inherits the RIV family draft.
RIV-GI,large_apartment,unknown,,911.02 Use Table,,,,reviewer: paste use-table cell text. Riverfront district (Ch. 905.04): uses differ by sub-district; unknown until reviewed. Draft assumption using Multi-Unit Residential as the proxy use. Specific sub-district; inherits the RIV family draft.
RIV-GI,senior_accessible,unknown,,911.02 Use Table,,,,reviewer: paste use-table cell text. Riverfront district (Ch. 905.04): uses differ by sub-district; unknown until reviewed. Draft assumption using Multi-Unit Residential as the proxy use. Specific sub-district; inherits the RIV family draft.
RIV-GI,rehab_reuse,unknown,,911.02 Use Table,,,,reviewer: paste use-table cell text. Riverfront district (Ch. 905.04): uses differ by sub-district; unknown until reviewed. Draft assumption: by_right wherever detached_sf or duplex_triplex is by_right in this draft; rehab of an existing lawful use is treated as continuing that use. Specific sub-district; inherits the RIV family draft.
RIV-GI,detached_sf,unknown,,911.02 Use Table,,,,reviewer: paste use-table cell text. Riverfront district (Ch. 905.04): uses differ by sub-district; unknown until reviewed. Draft assumption from the Single-Unit Detached Residential row. Specific sub-district; inherits the RIV family draft.
RIV-IMU,adu,unknown,,911.02 Use Table,,,,reviewer: paste use-table cell text. Riverfront district (Ch. 905.04): uses differ by sub-district; unknown until reviewed. Draft assumption. 2025 ADU legislation status must be verified before any status other than unknown is entered. Specific sub-district; inherits the RIV family draft.
RIV-IMU,duplex_triplex,unknown,,911.02 Use Table,,,,reviewer: paste use-table cell text. Riverfront district (Ch. 905.04): uses differ by sub-district; unknown until reviewed. Draft assumption from the Two-Unit Residential row; three-unit needs a separate check. Specific sub-district; inherits the RIV family draft.
RIV-IMU,townhome,unknown,,911.02 Use Table,,,,reviewer: paste use-table cell text. Riverfront district (Ch. 905.04): uses differ by sub-district; unknown until reviewed. Draft assumption from the Single-Unit Attached Residential row. Specific sub-district; inherits the RIV family draft.
RIV-IMU,small_apartment,unknown,,911.02 Use Table,,,,reviewer: paste use-table cell text. Riverfront district (Ch. 905.04): uses differ by sub-district; unknown until reviewed. Draft assumption using Multi-Unit Residential as the proxy use. Specific sub-district; inherits the RIV family draft.
RIV-IMU,large_apartment,unknown,,911.02 Use Table,,,,reviewer: paste use-table cell text. Riverfront district (Ch. 905.04): uses differ by sub-district; unknown until reviewed. Draft assumption using Multi-Unit Residential as the proxy use. Specific sub-district; inherits the RIV family draft.
RIV-IMU,senior_accessible,unknown,,911.02 Use Table,,,,reviewer: paste use-table cell text. Riverfront district (Ch. 905.04): uses differ by sub-district; unknown until reviewed. Draft assumption using Multi-Unit Residential as the proxy use. Specific sub-district; inherits the RIV family draft.
RIV-IMU,rehab_reuse,unknown,,911.02 Use Table,,,,reviewer: paste use-table cell text. Riverfront district (Ch. 905.04): uses differ by sub-district; unknown until reviewed. Draft assumption: by_right wherever detached_sf or duplex_triplex is by_right in this draft; rehab of an existing lawful use is treated as continuing that use. Specific sub-district; inherits the RIV family draft.
RIV-IMU,detached_sf,unknown,,911.02 Use Table,,,,reviewer: paste use-table cell text. Riverfront district (Ch. 905.04): uses differ by sub-district; unknown until reviewed. Draft assumption from the Single-Unit Detached Residential row. Specific sub-district; inherits the RIV family draft.
RIV-MU,adu,unknown,,911.02 Use Table,,,,reviewer: paste use-table cell text. Riverfront district (Ch. 905.04): uses differ by sub-district; unknown until reviewed. Draft assumption. 2025 ADU legislation status must be verified before any status other than unknown is entered. Specific sub-district; inherits the RIV family draft.
RIV-MU,duplex_triplex,unknown,,911.02 Use Table,,,,reviewer: paste use-table cell text. Riverfront district (Ch. 905.04): uses differ by sub-district; unknown until reviewed. Draft assumption from the Two-Unit Residential row; three-unit needs a separate check. Specific sub-district; inherits the RIV family draft.
RIV-MU,townhome,unknown,,911.02 Use Table,,,,reviewer: paste use-table cell text. Riverfront district (Ch. 905.04): uses differ by sub-district; unknown until reviewed. Draft assumption from the Single-Unit Attached Residential row. Specific sub-district; inherits the RIV family draft.
RIV-MU,small_apartment,unknown,,911.02 Use Table,,,,reviewer: paste use-table cell text. Riverfront district (Ch. 905.04): uses differ by sub-district; unknown until reviewed. Draft assumption using Multi-Unit Residential as the proxy use. Specific sub-district; inherits the RIV family draft.
RIV-MU,large_apartment,unknown,,911.02 Use Table,,,,reviewer: paste use-table cell text. Riverfront district (Ch. 905.04): uses differ by sub-district; unknown until reviewed. Draft assumption using Multi-Unit Residential as the proxy use. Specific sub-district; inherits the RIV family draft.
RIV-MU,senior_accessible,unknown,,911.02 Use Table,,,,reviewer: paste use-table cell text. Riverfront district (Ch. 905.04): uses differ by sub-district; unknown until reviewed. Draft assumption using Multi-Unit Residential as the proxy use. Specific sub-district; inherits the RIV family draft.
RIV-MU,rehab_reuse,unknown,,911.02 Use Table,,,,reviewer: paste use-table cell text. Riverfront district (Ch. 905.04): uses differ by sub-district; unknown until reviewed. Draft assumption: by_right wherever detached_sf or duplex_triplex is by_right in this draft; rehab of an existing lawful use is treated as continuing that use. Specific sub-district; inherits the RIV family draft.
RIV-MU,detached_sf,unknown,,911.02 Use Table,,,,reviewer: paste use-table cell text. Riverfront district (Ch. 905.04): uses differ by sub-district; unknown until reviewed. Draft assumption from the Single-Unit Detached Residential row. Specific sub-district; inherits the RIV family draft.
RIV-NS,adu,unknown,,911.02 Use Table,,,,reviewer: paste use-table cell text. Riverfront district (Ch. 905.04): uses differ by sub-district; unknown until reviewed. Draft assumption. 2025 ADU legislation status must be verified before any status other than unknown is entered. Specific sub-district; inherits the RIV family draft.
RIV-NS,duplex_triplex,unknown,,911.02 Use Table,,,,reviewer: paste use-table cell text. Riverfront district (Ch. 905.04): uses differ by sub-district; unknown until reviewed. Draft assumption from the Two-Unit Residential row; three-unit needs a separate check. Specific sub-district; inherits the RIV family draft.
RIV-NS,townhome,unknown,,911.02 Use Table,,,,reviewer: paste use-table cell text. Riverfront district (Ch. 905.04): uses differ by sub-district; unknown until reviewed. Draft assumption from the Single-Unit Attached Residential row. Specific sub-district; inherits the RIV family draft.
RIV-NS,small_apartment,unknown,,911.02 Use Table,,,,reviewer: paste use-table cell text. Riverfront district (Ch. 905.04): uses differ by sub-district; unknown until reviewed. Draft assumption using Multi-Unit Residential as the proxy use. Specific sub-district; inherits the RIV family draft.
RIV-NS,large_apartment,unknown,,911.02 Use Table,,,,reviewer: paste use-table cell text. Riverfront district (Ch. 905.04): uses differ by sub-district; unknown until reviewed. Draft assumption using Multi-Unit Residential as the proxy use. Specific sub-district; inherits the RIV family draft.
RIV-NS,senior_accessible,unknown,,911.02 Use Table,,,,reviewer: paste use-table cell text. Riverfront district (Ch. 905.04): uses differ by sub-district; unknown until reviewed. Draft assumption using Multi-Unit Residential as the proxy use. Specific sub-district; inherits the RIV family draft.
RIV-NS,rehab_reuse,unknown,,911.02 Use Table,,,,reviewer: paste use-table cell text. Riverfront district (Ch. 905.04): uses differ by sub-district; unknown until reviewed. Draft assumption: by_right wherever detached_sf or duplex_triplex is by_right in this draft; rehab of an existing lawful use is treated as continuing that use. Specific sub-district; inherits the RIV family draft.
RIV-NS,detached_sf,unknown,,911.02 Use Table,,,,reviewer: paste use-table cell text. Riverfront district (Ch. 905.04): uses differ by sub-district; unknown until reviewed. Draft assumption from the Single-Unit Detached Residential row. Specific sub-district; inherits the RIV family draft.
RIV-RM,adu,unknown,,911.02 Use Table,,,,reviewer: paste use-table cell text. Riverfront district (Ch. 905.04): uses differ by sub-district; unknown until reviewed. Draft assumption. 2025 ADU legislation status must be verified before any status other than unknown is entered. Specific sub-district; inherits the RIV family draft.
RIV-RM,duplex_triplex,unknown,,911.02 Use Table,,,,reviewer: paste use-table cell text. Riverfront district (Ch. 905.04): uses differ by sub-district; unknown until reviewed. Draft assumption from the Two-Unit Residential row; three-unit needs a separate check. Specific sub-district; inherits the RIV family draft.
RIV-RM,townhome,unknown,,911.02 Use Table,,,,reviewer: paste use-table cell text. Riverfront district (Ch. 905.04): uses differ by sub-district; unknown until reviewed. Draft assumption from the Single-Unit Attached Residential row. Specific sub-district; inherits the RIV family draft.
RIV-RM,small_apartment,unknown,,911.02 Use Table,,,,reviewer: paste use-table cell text. Riverfront district (Ch. 905.04): uses differ by sub-district; unknown until reviewed. Draft assumption using Multi-Unit Residential as the proxy use. Specific sub-district; inherits the RIV family draft.
RIV-RM,large_apartment,unknown,,911.02 Use Table,,,,reviewer: paste use-table cell text. Riverfront district (Ch. 905.04): uses differ by sub-district; unknown until reviewed. Draft assumption using Multi-Unit Residential as the proxy use. Specific sub-district; inherits the RIV family draft.
RIV-RM,senior_accessible,unknown,,911.02 Use Table,,,,reviewer: paste use-table cell text. Riverfront district (Ch. 905.04): uses differ by sub-district; unknown until reviewed. Draft assumption using Multi-Unit Residential as the proxy use. Specific sub-district; inherits the RIV family draft.
RIV-RM,rehab_reuse,unknown,,911.02 Use Table,,,,reviewer: paste use-table cell text. Riverfront district (Ch. 905.04): uses differ by sub-district; unknown until reviewed. Draft assumption: by_right wherever detached_sf or duplex_triplex is by_right in this draft; rehab of an existing lawful use is treated as continuing that use. Specific sub-district; inherits the RIV family draft.
RIV-RM,detached_sf,unknown,,911.02 Use Table,,,,reviewer: paste use-table cell text. Riverfront district (Ch. 905.04): uses differ by sub-district; unknown until reviewed. Draft assumption from the Single-Unit Detached Residential row. Specific sub-district; inherits the RIV family draft.
RM,adu,unknown,,911.02 Use Table,,,,reviewer: paste use-table cell text. Draft assumption. 2025 ADU legislation status must be verified before any status other than unknown is entered.
RM,duplex_triplex,by_right,,911.02 Use Table,,,,reviewer: paste use-table cell text. Draft assumption from the Two-Unit Residential row; three-unit needs a separate check.
RM,townhome,by_right,,911.02 Use Table,,,,reviewer: paste use-table cell text. Draft assumption from the Single-Unit Attached Residential row.
RM,small_apartment,by_right,,911.02 Use Table,,,,reviewer: paste use-table cell text. Draft assumption using Multi-Unit Residential as the proxy use.
RM,large_apartment,by_right,,911.02 Use Table,,,,reviewer: paste use-table cell text. Draft assumption using Multi-Unit Residential as the proxy use.
RM,senior_accessible,by_right,,911.02 Use Table,,,,reviewer: paste use-table cell text. Draft assumption using Multi-Unit Residential as the proxy use.
RM,rehab_reuse,by_right,,911.02 Use Table,,,,reviewer: paste use-table cell text. Draft assumption: by_right wherever detached_sf or duplex_triplex is by_right in this draft; rehab of an existing lawful use is treated as continuing that use.
RM,detached_sf,by_right,,911.02 Use Table,,,,reviewer: paste use-table cell text. Draft assumption from the Single-Unit Detached Residential row.
RM-H,adu,unknown,,911.02 Use Table,,,,reviewer: paste use-table cell text. Draft assumption. 2025 ADU legislation status must be verified before any status other than unknown is entered. Specific sub-district; inherits the RM family draft.
RM-H,duplex_triplex,by_right,,911.02 Use Table,,,,reviewer: paste use-table cell text. Draft assumption from the Two-Unit Residential row; three-unit needs a separate check. Specific sub-district; inherits the RM family draft.
RM-H,townhome,by_right,,911.02 Use Table,,,,reviewer: paste use-table cell text. Draft assumption from the Single-Unit Attached Residential row. Specific sub-district; inherits the RM family draft.
RM-H,small_apartment,by_right,,911.02 Use Table,,,,reviewer: paste use-table cell text. Draft assumption using Multi-Unit Residential as the proxy use. Specific sub-district; inherits the RM family draft.
RM-H,large_apartment,by_right,,911.02 Use Table,,,,reviewer: paste use-table cell text. Draft assumption using Multi-Unit Residential as the proxy use. Specific sub-district; inherits the RM family draft.
RM-H,senior_accessible,by_right,,911.02 Use Table,,,,reviewer: paste use-table cell text. Draft assumption using Multi-Unit Residential as the proxy use. Specific sub-district; inherits the RM family draft.
RM-H,rehab_reuse,by_right,,911.02 Use Table,,,,reviewer: paste use-table cell text. Draft assumption: by_right wherever detached_sf or duplex_triplex is by_right in this draft; rehab of an existing lawful use is treated as continuing that use. Specific sub-district; inherits the RM family draft.
RM-H,detached_sf,by_right,,911.02 Use Table,,,,reviewer: paste use-table cell text. Draft assumption from the Single-Unit Detached Residential row. Specific sub-district; inherits the RM family draft.
RM-M,adu,unknown,,911.02 Use Table,,,,reviewer: paste use-table cell text. Draft assumption. 2025 ADU legislation status must be verified before any status other than unknown is entered. Specific sub-district; inherits the RM family draft.
RM-M,duplex_triplex,by_right,,911.02 Use Table,,,,reviewer: paste use-table cell text. Draft assumption from the Two-Unit Residential row; three-unit needs a separate check. Specific sub-district; inherits the RM family draft.
RM-M,townhome,by_right,,911.02 Use Table,,,,reviewer: paste use-table cell text. Draft assumption from the Single-Unit Attached Residential row. Specific sub-district; inherits the RM family draft.
RM-M,small_apartment,by_right,,911.02 Use Table,,,,reviewer: paste use-table cell text. Draft assumption using Multi-Unit Residential as the proxy use. Specific sub-district; inherits the RM family draft.
RM-M,large_apartment,by_right,,911.02 Use Table,,,,reviewer: paste use-table cell text. Draft assumption using Multi-Unit Residential as the proxy use. Specific sub-district; inherits the RM family draft.
RM-M,senior_accessible,by_right,,911.02 Use Table,,,,reviewer: paste use-table cell text. Draft assumption using Multi-Unit Residential as the proxy use. Specific sub-district; inherits the RM family draft.
RM-M,rehab_reuse,by_right,,911.02 Use Table,,,,reviewer: paste use-table cell text. Draft assumption: by_right wherever detached_sf or duplex_triplex is by_right in this draft; rehab of an existing lawful use is treated as continuing that use. Specific sub-district; inherits the RM family draft.
RM-M,detached_sf,by_right,,911.02 Use Table,,,,reviewer: paste use-table cell text. Draft assumption from the Single-Unit Detached Residential row. Specific sub-district; inherits the RM family draft.
RM-VH,adu,unknown,,911.02 Use Table,,,,reviewer: paste use-table cell text. Draft assumption. 2025 ADU legislation status must be verified before any status other than unknown is entered. Specific sub-district; inherits the RM family draft.
RM-VH,duplex_triplex,by_right,,911.02 Use Table,,,,reviewer: paste use-table cell text. Draft assumption from the Two-Unit Residential row; three-unit needs a separate check. Specific sub-district; inherits the RM family draft.
RM-VH,townhome,by_right,,911.02 Use Table,,,,reviewer: paste use-table cell text. Draft assumption from the Single-Unit Attached Residential row. Specific sub-district; inherits the RM family draft.
RM-VH,small_apartment,by_right,,911.02 Use Table,,,,reviewer: paste use-table cell text. Draft assumption using Multi-Unit Residential as the proxy use. Specific sub-district; inherits the RM family draft.
RM-VH,large_apartment,by_right,,911.02 Use Table,,,,reviewer: paste use-table cell text. Draft assumption using Multi-Unit Residential as the proxy use. Specific sub-district; inherits the RM family draft.
RM-VH,senior_accessible,by_right,,911.02 Use Table,,,,reviewer: paste use-table cell text. Draft assumption using Multi-Unit Residential as the proxy use. Specific sub-district; inherits the RM family draft.
RM-VH,rehab_reuse,by_right,,911.02 Use Table,,,,reviewer: paste use-table cell text. Draft assumption: by_right wherever detached_sf or duplex_triplex is by_right in this draft; rehab of an existing lawful use is treated as continuing that use. Specific sub-district; inherits the RM family draft.
RM-VH,detached_sf,by_right,,911.02 Use Table,,,,reviewer: paste use-table cell text. Draft assumption from the Single-Unit Detached Residential row. Specific sub-district; inherits the RM family draft.
RM-VL,adu,unknown,,911.02 Use Table,,,,reviewer: paste use-table cell text. Draft assumption. 2025 ADU legislation status must be verified before any status other than unknown is entered. Specific sub-district; inherits the RM family draft.
RM-VL,duplex_triplex,by_right,,911.02 Use Table,,,,reviewer: paste use-table cell text. Draft assumption from the Two-Unit Residential row; three-unit needs a separate check. Specific sub-district; inherits the RM family draft.
RM-VL,townhome,by_right,,911.02 Use Table,,,,reviewer: paste use-table cell text. Draft assumption from the Single-Unit Attached Residential row. Specific sub-district; inherits the RM family draft.
RM-VL,small_apartment,by_right,,911.02 Use Table,,,,reviewer: paste use-table cell text. Draft assumption using Multi-Unit Residential as the proxy use. Specific sub-district; inherits the RM family draft.
RM-VL,large_apartment,by_right,,911.02 Use Table,,,,reviewer: paste use-table cell text. Draft assumption using Multi-Unit Residential as the proxy use. Specific sub-district; inherits the RM family draft.
RM-VL,senior_accessible,by_right,,911.02 Use Table,,,,reviewer: paste use-table cell text. Draft assumption using Multi-Unit Residential as the proxy use. Specific sub-district; inherits the RM family draft.
RM-VL,rehab_reuse,by_right,,911.02 Use Table,,,,reviewer: paste use-table cell text. Draft assumption: by_right wherever detached_sf or duplex_triplex is by_right in this draft; rehab of an existing lawful use is treated as continuing that use. Specific sub-district; inherits the RM family draft.
RM-VL,detached_sf,by_right,,911.02 Use Table,,,,reviewer: paste use-table cell text. Draft assumption from the Single-Unit Detached Residential row. Specific sub-district; inherits the RM family draft.
RP,adu,unknown,,911.02 Use Table,,,,reviewer: paste use-table cell text. Residential Planned Unit Development: allowances set by approved plan; unknown. Draft assumption. 2025 ADU legislation status must be verified before any status other than unknown is entered.
RP,duplex_triplex,unknown,,911.02 Use Table,,,,reviewer: paste use-table cell text. Residential Planned Unit Development: allowances set by approved plan; unknown. Draft assumption from the Two-Unit Residential row; three-unit needs a separate check.
RP,townhome,unknown,,911.02 Use Table,,,,reviewer: paste use-table cell text. Residential Planned Unit Development: allowances set by approved plan; unknown. Draft assumption from the Single-Unit Attached Residential row.
RP,small_apartment,unknown,,911.02 Use Table,,,,reviewer: paste use-table cell text. Residential Planned Unit Development: allowances set by approved plan; unknown. Draft assumption using Multi-Unit Residential as the proxy use.
RP,large_apartment,unknown,,911.02 Use Table,,,,reviewer: paste use-table cell text. Residential Planned Unit Development: allowances set by approved plan; unknown. Draft assumption using Multi-Unit Residential as the proxy use.
RP,senior_accessible,unknown,,911.02 Use Table,,,,reviewer: paste use-table cell text. Residential Planned Unit Development: allowances set by approved plan; unknown. Draft assumption using Multi-Unit Residential as the proxy use.
RP,rehab_reuse,unknown,,911.02 Use Table,,,,reviewer: paste use-table cell text. Residential Planned Unit Development: allowances set by approved plan; unknown. Draft assumption: by_right wherever detached_sf or duplex_triplex is by_right in this draft; rehab of an existing lawful use is treated as continuing that use.
RP,detached_sf,unknown,,911.02 Use Table,,,,reviewer: paste use-table cell text. Residential Planned Unit Development: allowances set by approved plan; unknown. Draft assumption from the Single-Unit Detached Residential row.
SP,adu,unknown,,911.02 Use Table,,,,reviewer: paste use-table cell text. Specially Planned district: allowances set by the SP plan; unknown. Draft assumption. 2025 ADU legislation status must be verified before any status other than unknown is entered.
SP,duplex_triplex,unknown,,911.02 Use Table,,,,reviewer: paste use-table cell text. Specially Planned district: allowances set by the SP plan; unknown. Draft assumption from the Two-Unit Residential row; three-unit needs a separate check.
SP,townhome,unknown,,911.02 Use Table,,,,reviewer: paste use-table cell text. Specially Planned district: allowances set by the SP plan; unknown. Draft assumption from the Single-Unit Attached Residential row.
SP,small_apartment,unknown,,911.02 Use Table,,,,reviewer: paste use-table cell text. Specially Planned district: allowances set by the SP plan; unknown. Draft assumption using Multi-Unit Residential as the proxy use.
SP,large_apartment,unknown,,911.02 Use Table,,,,reviewer: paste use-table cell text. Specially Planned district: allowances set by the SP plan; unknown. Draft assumption using Multi-Unit Residential as the proxy use.
SP,senior_accessible,unknown,,911.02 Use Table,,,,reviewer: paste use-table cell text. Specially Planned district: allowances set by the SP plan; unknown. Draft assumption using Multi-Unit Residential as the proxy use.
SP,rehab_reuse,unknown,,911.02 Use Table,,,,reviewer: paste use-table cell text. Specially Planned district: allowances set by the SP plan; unknown. Draft assumption: by_right wherever detached_sf or duplex_triplex is by_right in this draft; rehab of an existing lawful use is treated as continuing that use.
SP,detached_sf,unknown,,911.02 Use Table,,,,reviewer: paste use-table cell text. Specially Planned district: allowances set by the SP plan; unknown. Draft assumption from the Single-Unit Detached Residential row.
SP-1,adu,unknown,,911.02 Use Table,,,,reviewer: paste use-table cell text. Specially Planned district: allowances set by the SP plan; unknown. Draft assumption. 2025 ADU legislation status must be verified before any status other than unknown is entered. Specific sub-district; inherits the SP family draft.
SP-1,duplex_triplex,unknown,,911.02 Use Table,,,,reviewer: paste use-table cell text. Specially Planned district: allowances set by the SP plan; unknown. Draft assumption from the Two-Unit Residential row; three-unit needs a separate check. Specific sub-district; inherits the SP family draft.
SP-1,townhome,unknown,,911.02 Use Table,,,,reviewer: paste use-table cell text. Specially Planned district: allowances set by the SP plan; unknown. Draft assumption from the Single-Unit Attached Residential row. Specific sub-district; inherits the SP family draft.
SP-1,small_apartment,unknown,,911.02 Use Table,,,,reviewer: paste use-table cell text. Specially Planned district: allowances set by the SP plan; unknown. Draft assumption using Multi-Unit Residential as the proxy use. Specific sub-district; inherits the SP family draft.
SP-1,large_apartment,unknown,,911.02 Use Table,,,,reviewer: paste use-table cell text. Specially Planned district: allowances set by the SP plan; unknown. Draft assumption using Multi-Unit Residential as the proxy use. Specific sub-district; inherits the SP family draft.
SP-1,senior_accessible,unknown,,911.02 Use Table,,,,reviewer: paste use-table cell text. Specially Planned district: allowances set by the SP plan; unknown. Draft assumption using Multi-Unit Residential as the proxy use. Specific sub-district; inherits the SP family draft.
SP-1,rehab_reuse,unknown,,911.02 Use Table,,,,reviewer: paste use-table cell text. Specially Planned district: allowances set by the SP plan; unknown. Draft assumption: by_right wherever detached_sf or duplex_triplex is by_right in this draft; rehab of an existing lawful use is treated as continuing that use. Specific sub-district; inherits the SP family draft.
SP-1,detached_sf,unknown,,911.02 Use Table,,,,reviewer: paste use-table cell text. Specially Planned district: allowances set by the SP plan; unknown. Draft assumption from the Single-Unit Detached Residential row. Specific sub-district; inherits the SP family draft.
SP-10,adu,unknown,,911.02 Use Table,,,,reviewer: paste use-table cell text. Specially Planned district: allowances set by the SP plan; unknown. Draft assumption. 2025 ADU legislation status must be verified before any status other than unknown is entered. Specific sub-district; inherits the SP family draft.
SP-10,duplex_triplex,unknown,,911.02 Use Table,,,,reviewer: paste use-table cell text. Specially Planned district: allowances set by the SP plan; unknown. Draft assumption from the Two-Unit Residential row; three-unit needs a separate check. Specific sub-district; inherits the SP family draft.
SP-10,townhome,unknown,,911.02 Use Table,,,,reviewer: paste use-table cell text. Specially Planned district: allowances set by the SP plan; unknown. Draft assumption from the Single-Unit Attached Residential row. Specific sub-district; inherits the SP family draft.
SP-10,small_apartment,unknown,,911.02 Use Table,,,,reviewer: paste use-table cell text. Specially Planned district: allowances set by the SP plan; unknown. Draft assumption using Multi-Unit Residential as the proxy use. Specific sub-district; inherits the SP family draft.
SP-10,large_apartment,unknown,,911.02 Use Table,,,,reviewer: paste use-table cell text. Specially Planned district: allowances set by the SP plan; unknown. Draft assumption using Multi-Unit Residential as the proxy use. Specific sub-district; inherits the SP family draft.
SP-10,senior_accessible,unknown,,911.02 Use Table,,,,reviewer: paste use-table cell text. Specially Planned district: allowances set by the SP plan; unknown. Draft assumption using Multi-Unit Residential as the proxy use. Specific sub-district; inherits the SP family draft.
SP-10,rehab_reuse,unknown,,911.02 Use Table,,,,reviewer: paste use-table cell text. Specially Planned district: allowances set by the SP plan; unknown. Draft assumption: by_right wherever detached_sf or duplex_triplex is by_right in this draft; rehab of an existing lawful use is treated as continuing that use. Specific sub-district; inherits the SP family draft.
SP-10,detached_sf,unknown,,911.02 Use Table,,,,reviewer: paste use-table cell text. Specially Planned district: allowances set by the SP plan; unknown. Draft assumption from the Single-Unit Detached Residential row. Specific sub-district; inherits the SP family draft.
SP-11,adu,unknown,,911.02 Use Table,,,,reviewer: paste use-table cell text. Specially Planned district: allowances set by the SP plan; unknown. Draft assumption. 2025 ADU legislation status must be verified before any status other than unknown is entered. Specific sub-district; inherits the SP family draft.
SP-11,duplex_triplex,unknown,,911.02 Use Table,,,,reviewer: paste use-table cell text. Specially Planned district: allowances set by the SP plan; unknown. Draft assumption from the Two-Unit Residential row; three-unit needs a separate check. Specific sub-district; inherits the SP family draft.
SP-11,townhome,unknown,,911.02 Use Table,,,,reviewer: paste use-table cell text. Specially Planned district: allowances set by the SP plan; unknown. Draft assumption from the Single-Unit Attached Residential row. Specific sub-district; inherits the SP family draft.
SP-11,small_apartment,unknown,,911.02 Use Table,,,,reviewer: paste use-table cell text. Specially Planned district: allowances set by the SP plan; unknown. Draft assumption using Multi-Unit Residential as the proxy use. Specific sub-district; inherits the SP family draft.
SP-11,large_apartment,unknown,,911.02 Use Table,,,,reviewer: paste use-table cell text. Specially Planned district: allowances set by the SP plan; unknown. Draft assumption using Multi-Unit Residential as the proxy use. Specific sub-district; inherits the SP family draft.
SP-11,senior_accessible,unknown,,911.02 Use Table,,,,reviewer: paste use-table cell text. Specially Planned district: allowances set by the SP plan; unknown. Draft assumption using Multi-Unit Residential as the proxy use. Specific sub-district; inherits the SP family draft.
SP-11,rehab_reuse,unknown,,911.02 Use Table,,,,reviewer: paste use-table cell text. Specially Planned district: allowances set by the SP plan; unknown. Draft assumption: by_right wherever detached_sf or duplex_triplex is by_right in this draft; rehab of an existing lawful use is treated as continuing that use. Specific sub-district; inherits the SP family draft.
SP-11,detached_sf,unknown,,911.02 Use Table,,,,reviewer: paste use-table cell text. Specially Planned district: allowances set by the SP plan; unknown. Draft assumption from the Single-Unit Detached Residential row. Specific sub-district; inherits the SP family draft.
SP-4,adu,unknown,,911.02 Use Table,,,,reviewer: paste use-table cell text. Specially Planned district: allowances set by the SP plan; unknown. Draft assumption. 2025 ADU legislation status must be verified before any status other than unknown is entered. Specific sub-district; inherits the SP family draft.
SP-4,duplex_triplex,unknown,,911.02 Use Table,,,,reviewer: paste use-table cell text. Specially Planned district: allowances set by the SP plan; unknown. Draft assumption from the Two-Unit Residential row; three-unit needs a separate check. Specific sub-district; inherits the SP family draft.
SP-4,townhome,unknown,,911.02 Use Table,,,,reviewer: paste use-table cell text. Specially Planned district: allowances set by the SP plan; unknown. Draft assumption from the Single-Unit Attached Residential row. Specific sub-district; inherits the SP family draft.
SP-4,small_apartment,unknown,,911.02 Use Table,,,,reviewer: paste use-table cell text. Specially Planned district: allowances set by the SP plan; unknown. Draft assumption using Multi-Unit Residential as the proxy use. Specific sub-district; inherits the SP family draft.
SP-4,large_apartment,unknown,,911.02 Use Table,,,,reviewer: paste use-table cell text. Specially Planned district: allowances set by the SP plan; unknown. Draft assumption using Multi-Unit Residential as the proxy use. Specific sub-district; inherits the SP family draft.
SP-4,senior_accessible,unknown,,911.02 Use Table,,,,reviewer: paste use-table cell text. Specially Planned district: allowances set by the SP plan; unknown. Draft assumption using Multi-Unit Residential as the proxy use. Specific sub-district; inherits the SP family draft.
SP-4,rehab_reuse,unknown,,911.02 Use Table,,,,reviewer: paste use-table cell text. Specially Planned district: allowances set by the SP plan; unknown. Draft assumption: by_right wherever detached_sf or duplex_triplex is by_right in this draft; rehab of an existing lawful use is treated as continuing that use. Specific sub-district; inherits the SP family draft.
SP-4,detached_sf,unknown,,911.02 Use Table,,,,reviewer: paste use-table cell text. Specially Planned district: allowances set by the SP plan; unknown. Draft assumption from the Single-Unit Detached Residential row. Specific sub-district; inherits the SP family draft.
SP-5,adu,unknown,,911.02 Use Table,,,,reviewer: paste use-table cell text. Specially Planned district: allowances set by the SP plan; unknown. Draft assumption. 2025 ADU legislation status must be verified before any status other than unknown is entered. Specific sub-district; inherits the SP family draft.
SP-5,duplex_triplex,unknown,,911.02 Use Table,,,,reviewer: paste use-table cell text. Specially Planned district: allowances set by the SP plan; unknown. Draft assumption from the Two-Unit Residential row; three-unit needs a separate check. Specific sub-district; inherits the SP family draft.
SP-5,townhome,unknown,,911.02 Use Table,,,,reviewer: paste use-table cell text. Specially Planned district: allowances set by the SP plan; unknown. Draft assumption from the Single-Unit Attached Residential row. Specific sub-district; inherits the SP family draft.
SP-5,small_apartment,unknown,,911.02 Use Table,,,,reviewer: paste use-table cell text. Specially Planned district: allowances set by the SP plan; unknown. Draft assumption using Multi-Unit Residential as the proxy use. Specific sub-district; inherits the SP family draft.
SP-5,large_apartment,unknown,,911.02 Use Table,,,,reviewer: paste use-table cell text. Specially Planned district: allowances set by the SP plan; unknown. Draft assumption using Multi-Unit Residential as the proxy use. Specific sub-district; inherits the SP family draft.
SP-5,senior_accessible,unknown,,911.02 Use Table,,,,reviewer: paste use-table cell text. Specially Planned district: allowances set by the SP plan; unknown. Draft assumption using Multi-Unit Residential as the proxy use. Specific sub-district; inherits the SP family draft.
SP-5,rehab_reuse,unknown,,911.02 Use Table,,,,reviewer: paste use-table cell text. Specially Planned district: allowances set by the SP plan; unknown. Draft assumption: by_right wherever detached_sf or duplex_triplex is by_right in this draft; rehab of an existing lawful use is treated as continuing that use. Specific sub-district; inherits the SP family draft.
SP-5,detached_sf,unknown,,911.02 Use Table,,,,reviewer: paste use-table cell text. Specially Planned district: allowances set by the SP plan; unknown. Draft assumption from the Single-Unit Detached Residential row. Specific sub-district; inherits the SP family draft.
SP-8,adu,unknown,,911.02 Use Table,,,,reviewer: paste use-table cell text. Specially Planned district: allowances set by the SP plan; unknown. Draft assumption. 2025 ADU legislation status must be verified before any status other than unknown is entered. Specific sub-district; inherits the SP family draft.
SP-8,duplex_triplex,unknown,,911.02 Use Table,,,,reviewer: paste use-table cell text. Specially Planned district: allowances set by the SP plan; unknown. Draft assumption from the Two-Unit Residential row; three-unit needs a separate check. Specific sub-district; inherits the SP family draft.
SP-8,townhome,unknown,,911.02 Use Table,,,,reviewer: paste use-table cell text. Specially Planned district: allowances set by the SP plan; unknown. Draft assumption from the Single-Unit Attached Residential row. Specific sub-district; inherits the SP family draft.
SP-8,small_apartment,unknown,,911.02 Use Table,,,,reviewer: paste use-table cell text. Specially Planned district: allowances set by the SP plan; unknown. Draft assumption using Multi-Unit Residential as the proxy use. Specific sub-district; inherits the SP family draft.
SP-8,large_apartment,unknown,,911.02 Use Table,,,,reviewer: paste use-table cell text. Specially Planned district: allowances set by the SP plan; unknown. Draft assumption using Multi-Unit Residential as the proxy use. Specific sub-district; inherits the SP family draft.
SP-8,senior_accessible,unknown,,911.02 Use Table,,,,reviewer: paste use-table cell text. Specially Planned district: allowances set by the SP plan; unknown. Draft assumption using Multi-Unit Residential as the proxy use. Specific sub-district; inherits the SP family draft.
SP-8,rehab_reuse,unknown,,911.02 Use Table,,,,reviewer: paste use-table cell text. Specially Planned district: allowances set by the SP plan; unknown. Draft assumption: by_right wherever detached_sf or duplex_triplex is by_right in this draft; rehab of an existing lawful use is treated as continuing that use. Specific sub-district; inherits the SP family draft.
SP-8,detached_sf,unknown,,911.02 Use Table,,,,reviewer: paste use-table cell text. Specially Planned district: allowances set by the SP plan; unknown. Draft assumption from the Single-Unit Detached Residential row. Specific sub-district; inherits the SP family draft.
SP-9,adu,unknown,,911.02 Use Table,,,,reviewer: paste use-table cell text. Specially Planned district: allowances set by the SP plan; unknown. Draft assumption. 2025 ADU legislation status must be verified before any status other than unknown is entered. Specific sub-district; inherits the SP family draft.
SP-9,duplex_triplex,unknown,,911.02 Use Table,,,,reviewer: paste use-table cell text. Specially Planned district: allowances set by the SP plan; unknown. Draft assumption from the Two-Unit Residential row; three-unit needs a separate check. Specific sub-district; inherits the SP family draft.
SP-9,townhome,unknown,,911.02 Use Table,,,,reviewer: paste use-table cell text. Specially Planned district: allowances set by the SP plan; unknown. Draft assumption from the Single-Unit Attached Residential row. Specific sub-district; inherits the SP family draft.
SP-9,small_apartment,unknown,,911.02 Use Table,,,,reviewer: paste use-table cell text. Specially Planned district: allowances set by the SP plan; unknown. Draft assumption using Multi-Unit Residential as the proxy use. Specific sub-district; inherits the SP family draft.
SP-9,large_apartment,unknown,,911.02 Use Table,,,,reviewer: paste use-table cell text. Specially Planned district: allowances set by the SP plan; unknown. Draft assumption using Multi-Unit Residential as the proxy use. Specific sub-district; inherits the SP family draft.
SP-9,senior_accessible,unknown,,911.02 Use Table,,,,reviewer: paste use-table cell text. Specially Planned district: allowances set by the SP plan; unknown. Draft assumption using Multi-Unit Residential as the proxy use. Specific sub-district; inherits the SP family draft.
SP-9,rehab_reuse,unknown,,911.02 Use Table,,,,reviewer: paste use-table cell text. Specially Planned district: allowances set by the SP plan; unknown. Draft assumption: by_right wherever detached_sf or duplex_triplex is by_right in this draft; rehab of an existing lawful use is treated as continuing that use. Specific sub-district; inherits the SP family draft.
SP-9,detached_sf,unknown,,911.02 Use Table,,,,reviewer: paste use-table cell text. Specially Planned district: allowances set by the SP plan; unknown. Draft assumption from the Single-Unit Detached Residential row. Specific sub-district; inherits the SP family draft.
UC-E,adu,unknown,,911.02 Use Table,,,,reviewer: paste use-table cell text. Draft assumption. 2025 ADU legislation status must be verified before any status other than unknown is entered. Specific sub-district; inherits the UC family draft.
UC-E,duplex_triplex,unknown,,911.02 Use Table,,,,reviewer: paste use-table cell text. Draft assumption from the Two-Unit Residential row; three-unit needs a separate check. Specific sub-district; inherits the UC family draft.
UC-E,townhome,unknown,,911.02 Use Table,,,,reviewer: paste use-table cell text. Draft assumption from the Single-Unit Attached Residential row. Specific sub-district; inherits the UC family draft.
UC-E,small_apartment,unknown,,911.02 Use Table,,,,reviewer: paste use-table cell text. Draft assumption using Multi-Unit Residential as the proxy use. Specific sub-district; inherits the UC family draft.
UC-E,large_apartment,unknown,,911.02 Use Table,,,,reviewer: paste use-table cell text. Draft assumption using Multi-Unit Residential as the proxy use. Specific sub-district; inherits the UC family draft.
UC-E,senior_accessible,unknown,,911.02 Use Table,,,,reviewer: paste use-table cell text. Draft assumption using Multi-Unit Residential as the proxy use. Specific sub-district; inherits the UC family draft.
UC-E,rehab_reuse,unknown,,911.02 Use Table,,,,reviewer: paste use-table cell text. Draft assumption: by_right wherever detached_sf or duplex_triplex is by_right in this draft; rehab of an existing lawful use is treated as continuing that use. Specific sub-district; inherits the UC family draft.
UC-E,detached_sf,unknown,,911.02 Use Table,,,,reviewer: paste use-table cell text. Draft assumption from the Single-Unit Detached Residential row. Specific sub-district; inherits the UC family draft.
UC-MU,adu,unknown,,911.02 Use Table,,,,reviewer: paste use-table cell text. Draft assumption. 2025 ADU legislation status must be verified before any status other than unknown is entered. Specific sub-district; inherits the UC family draft.
UC-MU,duplex_triplex,unknown,,911.02 Use Table,,,,reviewer: paste use-table cell text. Draft assumption from the Two-Unit Residential row; three-unit needs a separate check. Specific sub-district; inherits the UC family draft.
UC-MU,townhome,unknown,,911.02 Use Table,,,,reviewer: paste use-table cell text. Draft assumption from the Single-Unit Attached Residential row. Specific sub-district; inherits the UC family draft.
UC-MU,small_apartment,unknown,,911.02 Use Table,,,,reviewer: paste use-table cell text. Draft assumption using Multi-Unit Residential as the proxy use. Specific sub-district; inherits the UC family draft.
UC-MU,large_apartment,unknown,,911.02 Use Table,,,,reviewer: paste use-table cell text. Draft assumption using Multi-Unit Residential as the proxy use. Specific sub-district; inherits the UC family draft.
UC-MU,senior_accessible,unknown,,911.02 Use Table,,,,reviewer: paste use-table cell text. Draft assumption using Multi-Unit Residential as the proxy use. Specific sub-district; inherits the UC family draft.
UC-MU,rehab_reuse,unknown,,911.02 Use Table,,,,reviewer: paste use-table cell text. Draft assumption: by_right wherever detached_sf or duplex_triplex is by_right in this draft; rehab of an existing lawful use is treated as continuing that use. Specific sub-district; inherits the UC family draft.
UC-MU,detached_sf,unknown,,911.02 Use Table,,,,reviewer: paste use-table cell text. Draft assumption from the Single-Unit Detached Residential row. Specific sub-district; inherits the UC family draft.
UI,adu,unknown,,911.02 Use Table,,,,reviewer: paste use-table cell text. Draft assumption. 2025 ADU legislation status must be verified before any status other than unknown is entered.
UI,duplex_triplex,not_permitted,,911.02 Use Table,,,,reviewer: paste use-table cell text. Draft assumption from the Two-Unit Residential row; three-unit needs a separate check.
UI,townhome,not_permitted,,911.02 Use Table,,,,reviewer: paste use-table cell text. Draft assumption from the Single-Unit Attached Residential row.
UI,small_apartment,not_permitted,,911.02 Use Table,,,,reviewer: paste use-table cell text. Draft assumption using Multi-Unit Residential as the proxy use.
UI,large_apartment,not_permitted,,911.02 Use Table,,,,reviewer: paste use-table cell text. Draft assumption using Multi-Unit Residential as the proxy use.
UI,senior_accessible,not_permitted,,911.02 Use Table,,,,reviewer: paste use-table cell text. Draft assumption using Multi-Unit Residential as the proxy use.
UI,rehab_reuse,unknown,,911.02 Use Table,,,,reviewer: paste use-table cell text. Draft assumption: by_right wherever detached_sf or duplex_triplex is by_right in this draft; rehab of an existing lawful use is treated as continuing that use.
UI,detached_sf,not_permitted,,911.02 Use Table,,,,reviewer: paste use-table cell text. Draft assumption from the Single-Unit Detached Residential row.
UNC,adu,unknown,,911.02 Use Table,,,,reviewer: paste use-table cell text. Draft assumption. 2025 ADU legislation status must be verified before any status other than unknown is entered.
UNC,duplex_triplex,by_right,,911.02 Use Table,,,,reviewer: paste use-table cell text. Draft assumption from the Two-Unit Residential row; three-unit needs a separate check.
UNC,townhome,by_right,,911.02 Use Table,,,,reviewer: paste use-table cell text. Draft assumption from the Single-Unit Attached Residential row.
UNC,small_apartment,by_right,,911.02 Use Table,,,,reviewer: paste use-table cell text. Draft assumption using Multi-Unit Residential as the proxy use.
UNC,large_apartment,by_right,,911.02 Use Table,,,,reviewer: paste use-table cell text. Draft assumption using Multi-Unit Residential as the proxy use.
UNC,senior_accessible,by_right,,911.02 Use Table,,,,reviewer: paste use-table cell text. Draft assumption using Multi-Unit Residential as the proxy use.
UNC,rehab_reuse,by_right,,911.02 Use Table,,,,reviewer: paste use-table cell text. Draft assumption: by_right wherever detached_sf or duplex_triplex is by_right in this draft; rehab of an existing lawful use is treated as continuing that use.
UNC,detached_sf,by_right,,911.02 Use Table,,,,reviewer: paste use-table cell text. Draft assumption from the Single-Unit Detached Residential row.
UPR-A,adu,unknown,,911.02 Use Table,,,,reviewer: paste use-table cell text. Draft assumption. 2025 ADU legislation status must be verified before any status other than unknown is entered. Specific sub-district; inherits the UPR family draft.
UPR-A,duplex_triplex,unknown,,911.02 Use Table,,,,reviewer: paste use-table cell text. Draft assumption from the Two-Unit Residential row; three-unit needs a separate check. Specific sub-district; inherits the UPR family draft.
UPR-A,townhome,unknown,,911.02 Use Table,,,,reviewer: paste use-table cell text. Draft assumption from the Single-Unit Attached Residential row. Specific sub-district; inherits the UPR family draft.
UPR-A,small_apartment,unknown,,911.02 Use Table,,,,reviewer: paste use-table cell text. Draft assumption using Multi-Unit Residential as the proxy use. Specific sub-district; inherits the UPR family draft.
UPR-A,large_apartment,unknown,,911.02 Use Table,,,,reviewer: paste use-table cell text. Draft assumption using Multi-Unit Residential as the proxy use. Specific sub-district; inherits the UPR family draft.
UPR-A,senior_accessible,unknown,,911.02 Use Table,,,,reviewer: paste use-table cell text. Draft assumption using Multi-Unit Residential as the proxy use. Specific sub-district; inherits the UPR family draft.
UPR-A,rehab_reuse,unknown,,911.02 Use Table,,,,reviewer: paste use-table cell text. Draft assumption: by_right wherever detached_sf or duplex_triplex is by_right in this draft; rehab of an existing lawful use is treated as continuing that use. Specific sub-district; inherits the UPR family draft.
UPR-A,detached_sf,unknown,,911.02 Use Table,,,,reviewer: paste use-table cell text. Draft assumption from the Single-Unit Detached Residential row. Specific sub-district; inherits the UPR family draft.
UPR-B,adu,unknown,,911.02 Use Table,,,,reviewer: paste use-table cell text. Draft assumption. 2025 ADU legislation status must be verified before any status other than unknown is entered. Specific sub-district; inherits the UPR family draft.
UPR-B,duplex_triplex,unknown,,911.02 Use Table,,,,reviewer: paste use-table cell text. Draft assumption from the Two-Unit Residential row; three-unit needs a separate check. Specific sub-district; inherits the UPR family draft.
UPR-B,townhome,unknown,,911.02 Use Table,,,,reviewer: paste use-table cell text. Draft assumption from the Single-Unit Attached Residential row. Specific sub-district; inherits the UPR family draft.
UPR-B,small_apartment,unknown,,911.02 Use Table,,,,reviewer: paste use-table cell text. Draft assumption using Multi-Unit Residential as the proxy use. Specific sub-district; inherits the UPR family draft.
UPR-B,large_apartment,unknown,,911.02 Use Table,,,,reviewer: paste use-table cell text. Draft assumption using Multi-Unit Residential as the proxy use. Specific sub-district; inherits the UPR family draft.
UPR-B,senior_accessible,unknown,,911.02 Use Table,,,,reviewer: paste use-table cell text. Draft assumption using Multi-Unit Residential as the proxy use. Specific sub-district; inherits the UPR family draft.
UPR-B,rehab_reuse,unknown,,911.02 Use Table,,,,reviewer: paste use-table cell text. Draft assumption: by_right wherever detached_sf or duplex_triplex is by_right in this draft; rehab of an existing lawful use is treated as continuing that use. Specific sub-district; inherits the UPR family draft.
UPR-B,detached_sf,unknown,,911.02 Use Table,,,,reviewer: paste use-table cell text. Draft assumption from the Single-Unit Detached Residential row. Specific sub-district; inherits the UPR family draft.
